area_sqft,bedrooms,bathrooms,age_years,floors,garage_spaces,has_pool,has_garden,location,price
1360,5,2,24,1,0,1,1,Suburbs,192251
4272,5,3,31,2,1,0,0,Uptown,625320
3592,6,2,32,3,1,0,0,Rural,311115
966,6,2,44,3,2,1,1,Rural,127689
4926,2,1,35,1,1,0,1,Rural,337973
3944,6,3,19,1,2,0,1,Rural,345764
3671,4,4,17,3,0,1,0,Midtown,518876
3419,1,2,37,1,1,0,0,Downtown,534900
630,1,2,2,3,0,1,1,Rural,73457
2185,1,4,22,2,0,0,1,Downtown,385711
1269,2,3,31,1,0,0,1,Suburbs,173958
2891,2,2,44,2,0,0,0,Uptown,403105
2933,3,2,15,2,1,1,1,Suburbs,347549
1684,1,2,4,2,0,0,0,Rural,133901
3885,4,3,3,3,2,1,1,Suburbs,497806
4617,6,3,20,2,1,0,0,Midtown,619094
3404,4,4,39,2,0,0,0,Downtown,568018
974,6,3,13,2,1,0,1,Rural,118691
1582,1,3,38,3,2,0,1,Midtown,189551
3058,1,1,30,2,0,0,0,Downtown,486626
2547,1,4,13,2,2,0,0,Midtown,341419
3247,2,2,5,1,0,0,0,Suburbs,368133
1475,6,3,11,3,2,1,1,Rural,167275
2306,2,2,15,2,0,0,0,Suburbs,250161
689,2,2,16,1,1,1,0,Uptown,114244
3234,5,1,44,3,0,0,1,Rural,240702
3505,4,3,22,3,1,0,1,Suburbs,387482
2399,4,4,13,3,0,0,1,Rural,186870
1767,3,3,6,3,0,0,1,Downtown,394992
2028,2,2,45,3,2,0,1,Rural,145089
3702,6,4,31,3,2,0,1,Rural,274086
4056,5,3,14,2,2,0,1,Downtown,769053
4390,5,2,43,2,0,1,1,Suburbs,471230
1146,4,2,16,2,0,0,0,Rural,101033
3388,2,1,40,2,0,1,1,Midtown,401068
2935,3,1,46,1,1,0,0,Rural,144640
1100,2,1,43,2,1,0,0,Suburbs,82246
2863,1,2,33,3,0,0,0,Downtown,476749
2561,2,3,4,2,2,0,0,Suburbs,326457
741,1,1,44,2,2,0,1,Uptown,75991
2541,1,3,26,3,2,0,1,Rural,226802
3324,3,1,22,2,0,0,1,Rural,225272
3112,6,4,39,2,2,0,1,Downtown,577165
1863,4,4,13,2,0,0,0,Rural,175408
1978,2,1,14,1,1,0,0,Midtown,261370
3056,1,2,42,2,2,0,1,Midtown,357575
1275,2,1,32,3,1,1,1,Suburbs,135363
4514,6,1,30,3,2,1,0,Downtown,822725
534,4,2,34,2,0,0,1,Uptown,81610
3652,6,4,16,2,0,1,0,Suburbs,422628
2455,4,3,27,2,0,1,0,Downtown,469700
2085,5,1,18,3,0,0,0,Downtown,396495
4443,4,2,45,3,2,0,0,Suburbs,440440
3573,3,1,22,1,1,1,1,Suburbs,392272
1521,6,2,31,1,0,0,1,Rural,86870
3961,1,3,39,1,2,1,0,Uptown,583272
3113,5,3,12,3,1,0,1,Midtown,456310
4343,3,4,19,1,0,0,1,Rural,319718
2000,2,2,34,2,1,0,0,Downtown,315804
661,6,2,4,2,0,0,0,Uptown,175852
4797,1,4,8,3,1,1,1,Uptown,778761
2481,4,4,28,1,1,1,1,Suburbs,312258
1495,1,2,5,2,0,0,1,Uptown,242629
3842,2,4,24,3,2,0,0,Uptown,582939
4298,5,3,30,1,1,1,1,Downtown,795753
1775,5,1,21,2,0,0,0,Rural,126508
1516,6,3,1,1,1,0,0,Uptown,306466
837,5,4,44,3,1,0,1,Suburbs,95127
1378,6,2,4,1,2,1,0,Rural,161279
1576,6,2,26,3,1,1,0,Suburbs,200272
4493,6,3,24,1,1,0,0,Uptown,701185
879,4,2,7,2,0,0,0,Rural,111237
992,3,4,0,3,0,1,1,Uptown,260871
2562,6,3,19,3,2,0,0,Downtown,526154
4384,6,2,43,3,1,0,0,Rural,305693
564,3,1,22,1,1,0,0,Suburbs,86013
3068,1,1,31,1,1,1,0,Downtown,531459
2527,6,4,10,2,2,0,1,Midtown,391894
3195,4,2,38,3,1,0,0,Suburbs,327778
1995,5,4,46,3,0,0,1,Uptown,299070
891,5,3,23,1,2,0,0,Suburbs,153847
4974,2,1,10,1,0,0,0,Midtown,620639
4061,2,3,28,2,0,0,1,Suburbs,413045
2778,5,2,25,2,2,0,1,Downtown,551093
3599,5,4,15,1,0,0,0,Suburbs,426710
700,4,4,34,3,1,0,1,Rural,72281
3604,3,4,19,2,2,0,0,Midtown,470814
2954,2,3,45,1,0,1,1,Suburbs,287686
4145,3,1,2,1,1,1,1,Midtown,577011
1304,4,3,0,3,1,0,1,Downtown,327465
3231,5,3,46,1,0,1,1,Rural,240005
3273,6,2,0,1,1,0,0,Uptown,557539
2070,3,2,16,2,2,1,1,Suburbs,254969
3190,5,2,1,1,0,0,0,Downtown,636546
4340,5,1,28,1,1,0,0,Midtown,551318
1528,1,1,19,2,1,0,0,Midtown,187008
1002,3,2,5,3,0,0,0,Downtown,216467
4993,6,2,7,3,0,1,1,Suburbs,577652
1370,3,1,28,2,0,0,1,Uptown,194259
4988,5,4,47,2,0,0,1,Suburbs,501790
706,6,1,32,3,2,0,0,Rural,76672
1984,4,1,2,3,0,1,0,Suburbs,252231
1363,1,1,34,3,2,0,1,Rural,88842
3290,5,2,4,3,2,0,0,Midtown,457590
1063,2,4,26,3,0,1,1,Rural,119189
4691,2,1,43,2,2,0,1,Uptown,653925
2257,1,2,11,1,0,0,1,Downtown,424111
2178,4,3,19,3,0,1,1,Rural,192400
3742,5,3,44,3,1,0,1,Suburbs,383407
1559,3,1,19,1,0,0,0,Rural,123187
2222,1,3,8,1,1,0,1,Midtown,315949
3814,4,4,38,1,2,1,0,Rural,284537
3657,3,3,3,1,1,0,0,Uptown,586956
3125,2,3,18,1,2,1,0,Rural,257376
3229,2,4,37,1,0,1,1,Uptown,489810
2097,3,1,26,2,2,0,0,Suburbs,219771
3560,1,1,44,1,2,1,0,Midtown,427424
3193,2,4,42,1,0,0,0,Downtown,507457
4127,5,4,12,2,2,0,1,Suburbs,479868
1863,6,4,12,1,0,1,1,Suburbs,239199
2481,3,3,21,3,1,1,1,Downtown,477971
2163,3,4,27,3,0,0,1,Rural,178474
2029,2,2,46,1,0,0,0,Rural,123332
2538,1,3,44,2,2,0,0,Rural,186447
3802,5,1,21,3,1,0,1,Midtown,519694
2737,1,1,42,2,0,0,0,Suburbs,242347
1806,4,1,18,3,1,0,0,Uptown,313893
4529,4,3,7,1,1,0,0,Downtown,824544
3175,6,2,7,2,2,0,0,Suburbs,384076
1782,2,4,41,2,0,0,0,Rural,118726
1209,2,4,25,2,2,1,1,Downtown,305897
4913,2,1,47,3,0,1,0,Uptown,672094
4248,6,1,25,3,1,0,1,Suburbs,475408
1163,4,3,22,3,0,0,0,Suburbs,135385
2498,1,2,42,1,0,0,0,Midtown,257274
3945,6,4,12,3,1,0,0,Suburbs,461863
4243,6,3,27,1,1,0,1,Suburbs,474241
1995,1,4,8,2,0,1,0,Uptown,367483
3804,2,1,19,2,2,0,1,Uptown,609306
4263,5,4,18,1,0,0,1,Downtown,798832
2353,1,2,47,3,1,0,1,Rural,143629
1791,4,2,38,1,2,0,0,Uptown,262484
4081,3,1,11,2,1,0,0,Downtown,732217
3957,3,2,14,2,1,1,0,Suburbs,441710
2136,6,2,30,1,2,0,1,Downtown,416291
4196,3,3,13,3,1,0,0,Downtown,766160
3499,5,4,10,3,1,0,1,Downtown,712815
3652,2,1,25,1,1,1,1,Downtown,658588
1198,4,1,41,1,1,0,0,Uptown,149559
2660,5,1,26,3,1,0,0,Rural,217812
4597,4,1,10,2,1,1,1,Downtown,896161
1354,4,1,37,1,1,0,0,Midtown,134285
3974,2,2,33,3,1,0,0,Suburbs,399213
2207,6,3,42,3,1,0,1,Suburbs,247163
3277,3,1,18,2,0,0,0,Suburbs,346502
2233,2,3,5,2,0,0,1,Suburbs,239932
4010,5,3,45,2,1,0,1,Suburbs,444311
702,6,2,37,2,0,0,1,Downtown,152937
3755,5,1,48,2,2,0,0,Rural,273632
4718,6,2,41,1,0,0,0,Midtown,572394
4996,5,1,27,3,1,0,1,Uptown,756676
1266,2,2,0,1,1,0,0,Midtown,202399
4889,6,3,34,1,0,1,0,Uptown,752094
2827,6,1,39,1,1,0,0,Uptown,384818
3431,4,4,7,1,2,0,0,Midtown,474597
697,4,3,46,1,2,0,0,Downtown,112932
2430,1,4,6,2,1,0,1,Suburbs,300811
4082,5,3,10,2,2,0,0,Downtown,820097
1108,4,2,38,3,2,0,0,Suburbs,132281
3772,1,1,3,1,0,0,1,Rural,318080
1647,4,3,24,3,2,0,1,Uptown,290474
4782,5,2,11,2,0,1,0,Midtown,630008
3897,6,1,25,2,1,0,0,Rural,296987
3011,3,1,37,2,0,0,1,Suburbs,308824
2294,5,3,45,1,1,0,1,Downtown,393282
1159,2,1,11,1,1,0,1,Midtown,142402
3311,4,3,42,2,1,0,1,Uptown,493929
1869,4,1,36,3,1,0,0,Rural,121023
2486,6,4,45,3,1,0,1,Uptown,418521
646,2,2,23,2,0,1,0,Suburbs,95525
3719,6,4,15,3,1,1,1,Uptown,645943
3411,2,3,12,2,2,0,1,Downtown,649884
2234,3,4,24,3,2,0,1,Rural,183225
2343,4,3,3,2,1,1,0,Rural,217413
988,4,1,10,3,2,0,0,Downtown,238158
3476,3,1,31,1,0,0,1,Uptown,493709
2459,1,3,48,2,0,0,1,Downtown,389172
2885,6,4,6,2,1,0,1,Midtown,419412
3419,3,1,45,3,1,0,0,Downtown,560746
2302,6,2,10,2,1,0,0,Uptown,410455
4561,5,1,27,2,2,0,1,Downtown,800479
3869,4,2,40,2,2,0,0,Suburbs,389521
762,6,4,22,1,0,1,1,Downtown,215207
1123,2,2,44,1,2,0,0,Downtown,156567
1516,6,2,22,3,0,0,1,Uptown,281430
4143,5,2,49,1,2,0,1,Midtown,490734
2549,4,2,27,3,0,1,1,Midtown,368916
4223,3,1,42,1,1,1,0,Uptown,622778
3608,5,2,46,3,2,0,1,Uptown,564468
4590,4,1,25,1,0,0,0,Uptown,626789
2556,6,2,24,1,2,1,1,Suburbs,351984
3670,1,3,28,3,1,0,0,Rural,270330
2182,1,4,18,2,0,0,0,Downtown,388285
2755,2,2,32,2,2,0,0,Uptown,399991
1654,4,3,35,1,2,0,0,Uptown,238157
4999,1,2,13,3,1,0,1,Uptown,764252
3691,3,2,13,2,1,0,0,Midtown,500599
2196,4,2,34,3,0,0,1,Uptown,340134
4491,3,3,29,2,2,1,1,Downtown,811261
2148,3,4,27,3,2,1,0,Uptown,354232
1945,1,3,16,1,1,1,1,Downtown,383949
4699,4,4,2,3,1,1,0,Suburbs,548887
4423,6,2,15,2,0,0,0,Rural,357494
753,5,1,45,1,2,0,0,Midtown,108416
3683,1,2,29,3,2,0,1,Downtown,647488
3057,1,4,28,2,0,1,0,Suburbs,327537
598,6,3,44,1,0,0,1,Rural,50068
2700,4,2,14,3,1,1,1,Rural,240466
3461,4,3,45,2,1,0,1,Rural,237492
4933,3,3,24,3,0,1,0,Downtown,895177
4277,6,3,37,3,0,0,1,Suburbs,450216
3369,6,2,41,1,2,0,1,Uptown,534878
3734,4,3,46,1,0,1,1,Suburbs,389019
4291,3,3,37,2,0,0,1,Suburbs,455669
1456,1,2,22,1,2,1,1,Suburbs,157012
4567,2,3,24,2,0,0,0,Downtown,790812
660,5,2,41,3,1,0,0,Downtown,148817
4993,1,4,6,3,1,0,0,Downtown,882600
1800,4,4,21,2,2,0,0,Suburbs,223122
4487,5,4,16,3,0,0,0,Downtown,835839
2027,2,3,17,1,1,0,0,Rural,164002
1718,2,1,48,3,1,0,0,Downtown,244330
4996,3,1,40,1,1,0,1,Midtown,583782
3604,5,3,9,2,1,0,0,Downtown,695370
3235,3,1,9,2,0,0,1,Downtown,599868
1454,1,2,6,3,0,1,0,Downtown,299260
3946,6,1,47,3,0,0,1,Downtown,662452
1545,6,3,49,1,0,0,1,Midtown,211070
2193,6,3,37,1,1,0,0,Uptown,344407
3936,5,2,26,3,2,0,0,Downtown,685972
1062,6,4,32,3,2,0,0,Rural,126526
2985,1,3,0,2,1,1,0,Midtown,412242
3854,3,2,43,2,1,1,1,Uptown,578177
725,5,1,33,2,2,0,1,Downtown,170122
1459,3,1,3,3,2,0,0,Uptown,253240
3567,5,2,16,3,1,1,0,Rural,294491
1315,3,2,3,3,1,0,0,Midtown,231063
3620,2,3,42,2,0,0,0,Midtown,431740
516,3,1,25,3,0,0,1,Uptown,90948
1743,6,2,3,1,2,0,0,Downtown,407861
2705,2,1,0,3,1,1,1,Suburbs,351522
3024,3,2,6,3,2,0,0,Midtown,430827
1569,5,1,29,3,0,0,0,Suburbs,157722
3944,5,4,49,3,0,0,1,Midtown,513397
3065,5,3,8,3,2,1,0,Downtown,640962
1560,4,1,34,1,0,1,1,Downtown,294520
2827,1,4,7,1,1,0,1,Midtown,377470
3920,5,1,23,3,2,0,0,Uptown,616526
801,2,1,18,2,1,0,0,Downtown,138404
4776,5,4,35,3,1,1,1,Downtown,887891
1106,4,1,49,3,0,1,1,Rural,88073
3670,6,1,42,3,1,0,1,Downtown,667129
1199,2,3,26,2,2,1,0,Rural,126286
1639,4,4,31,2,1,0,1,Downtown,343770
690,6,4,13,2,1,0,0,Downtown,226249
2800,2,2,17,1,1,0,1,Uptown,460300
1480,3,1,27,2,1,0,1,Uptown,228567
3475,1,3,28,1,1,0,0,Downtown,575833
1684,1,1,15,1,0,0,1,Midtown,205595
3827,4,1,34,2,2,0,0,Midtown,469323
3894,6,2,46,2,0,0,1,Downtown,648048
627,1,1,30,2,2,0,0,Midtown,72211
2565,6,3,3,1,2,0,1,Downtown,565060
2316,6,3,36,3,2,0,0,Uptown,378842
1069,4,2,16,2,2,0,1,Suburbs,128577
2395,4,1,38,2,2,0,1,Rural,181761
3233,4,3,47,2,1,1,0,Midtown,385039
4363,1,1,45,1,0,1,0,Midtown,501469
4514,4,1,25,1,0,1,1,Uptown,694405
3401,1,1,47,3,1,0,0,Midtown,376880
2186,4,2,38,2,2,0,1,Downtown,380732
3509,5,1,40,1,0,0,0,Downtown,595835
654,6,3,3,3,1,0,1,Suburbs,148736
3037,4,1,29,2,1,0,0,Suburbs,305835
1909,2,3,29,1,0,0,0,Suburbs,199587
4557,6,1,21,2,0,1,0,Downtown,840542
1284,6,3,10,2,2,0,0,Suburbs,222271
3675,4,3,1,1,2,1,0,Suburbs,440931
4841,3,1,43,1,0,1,0,Downtown,781274
3306,4,1,11,1,2,0,1,Uptown,541004
1037,6,3,29,2,1,1,1,Midtown,209123
2341,2,4,35,2,2,0,1,Rural,216296
2955,6,2,17,3,2,1,0,Downtown,664619
1024,2,4,25,2,1,0,1,Downtown,190051
3450,1,4,6,1,2,1,0,Rural,283571
4631,5,1,0,2,1,0,1,Rural,358568
4615,6,2,25,3,2,1,0,Suburbs,527794
2868,4,4,22,3,0,0,0,Rural,266454
4347,1,1,25,1,2,0,0,Midtown,504844
4995,5,4,44,1,0,1,1,Midtown,632070
3201,4,4,5,3,0,1,0,Midtown,458907
1471,3,1,5,3,0,0,1,Midtown,208970
1666,4,1,43,3,0,0,0,Midtown,215311
3274,2,1,7,1,0,0,1,Suburbs,333384
2482,2,2,23,3,1,1,1,Downtown,479438
1353,3,4,21,3,1,1,0,Rural,133835
4646,1,1,18,1,1,1,0,Downtown,806632
4236,5,3,36,2,0,0,1,Rural,314656
4269,4,4,17,2,2,0,1,Suburbs,514478
1074,2,3,30,3,1,0,0,Suburbs,87219
3761,1,2,36,2,2,1,1,Uptown,572130
1648,3,1,29,2,2,0,1,Uptown,269126
2215,6,3,41,2,0,1,0,Suburbs,259559
4354,2,2,32,2,0,0,1,Suburbs,431645
2991,3,1,9,3,0,0,0,Rural,252327
3160,4,3,36,2,1,0,0,Suburbs,350694
3624,5,3,11,2,0,0,1,Downtown,681940
3551,2,2,29,1,1,0,0,Rural,235603
504,2,1,26,3,1,0,0,Suburbs,50000
1376,4,1,38,1,1,0,1,Rural,104253
1491,6,3,8,1,1,1,1,Rural,165653
4642,1,3,20,3,0,0,1,Midtown,572623
4864,5,3,11,2,1,0,1,Uptown,813835
4965,2,1,28,1,0,0,1,Rural,347563
1135,5,2,32,3,0,0,0,Rural,95932
2193,2,2,42,2,1,1,0,Midtown,262245
2182,5,1,14,3,0,0,1,Suburbs,294510
619,3,4,1,1,2,1,0,Rural,66022
1330,2,2,38,2,0,0,1,Midtown,145951
4175,5,3,43,2,0,0,1,Downtown,729513
1869,1,4,17,3,1,0,0,Midtown,249444
1240,3,4,2,2,1,0,1,Uptown,245395
616,3,2,6,1,0,0,1,Uptown,141752
3338,1,4,42,1,1,1,0,Suburbs,317006
1650,5,4,17,1,2,0,1,Suburbs,235728
2431,4,2,43,3,2,0,0,Uptown,354065
1512,1,2,37,2,1,0,0,Uptown,186805
2164,5,4,36,2,0,0,1,Rural,189500
1581,1,3,32,2,2,0,1,Uptown,227015
1012,1,1,43,1,2,0,1,Suburbs,61812
3349,2,4,30,2,0,0,1,Uptown,486598
1059,5,4,10,1,1,0,1,Suburbs,199073
4172,4,3,3,2,2,0,0,Downtown,783140
3843,2,4,17,1,0,1,1,Uptown,618274
4570,1,4,3,2,0,0,1,Suburbs,519165
1970,6,1,48,3,2,0,0,Midtown,233303
1080,1,1,33,3,1,1,0,Rural,67583
2794,1,1,28,1,2,0,1,Suburbs,288540
3647,5,2,23,1,0,0,1,Uptown,567547
4749,5,2,21,2,2,0,1,Uptown,769470
2179,2,1,1,2,1,0,1,Downtown,421033
4006,4,1,43,3,0,0,1,Midtown,473561
3244,2,2,5,2,1,1,1,Suburbs,430838
3856,3,3,41,1,2,1,1,Midtown,465330
4545,1,4,24,1,2,1,0,Downtown,782594
1743,6,4,20,1,1,1,1,Rural,155150
3618,1,1,15,1,2,0,1,Midtown,471184
2641,1,3,30,1,1,0,1,Downtown,441313
3559,2,2,13,3,2,1,1,Suburbs,413813
3459,6,1,38,3,1,1,0,Rural,257969
2765,6,3,27,1,1,0,0,Uptown,456936
2979,6,3,31,2,0,1,0,Downtown,549258
2135,2,3,27,1,0,0,0,Uptown,296917
2257,1,2,48,3,1,0,0,Rural,130619
4952,2,2,8,1,2,0,1,Downtown,854851
2570,5,4,44,3,2,0,0,Downtown,462386
3349,5,4,21,3,2,0,0,Rural,277140
3751,2,3,31,1,1,0,1,Suburbs,379044
4230,6,3,4,1,1,0,1,Downtown,821415
2989,1,2,22,2,1,0,0,Rural,213968
2131,2,4,4,3,1,0,1,Midtown,319724
3316,2,3,41,2,0,1,1,Uptown,476693
1515,2,4,31,1,1,0,0,Downtown,245547
1848,3,4,9,3,2,0,0,Midtown,285964
3587,5,3,38,2,0,0,1,Downtown,609874
3339,6,2,14,2,2,0,1,Suburbs,399416
835,4,3,6,2,1,1,1,Rural,137452
1395,6,3,28,1,0,0,0,Downtown,274377
4046,4,4,46,1,1,1,0,Rural,275313
1351,3,3,2,1,0,0,1,Downtown,305265
2187,2,2,18,3,2,0,0,Suburbs,260851
2431,3,3,9,1,1,0,0,Suburbs,270457
4246,3,2,27,3,1,0,1,Midtown,532535
2927,1,2,28,2,0,0,0,Suburbs,275188
2068,5,4,14,2,0,0,1,Rural,179763
4500,4,1,34,1,1,0,1,Suburbs,456666
3238,2,1,5,2,0,0,0,Downtown,584819
3998,4,4,11,1,1,1,1,Suburbs,501944
4413,6,3,46,3,0,0,0,Rural,325794
1566,4,4,37,2,2,0,1,Downtown,288261
4880,6,2,12,1,0,0,0,Midtown,670541
2944,5,1,28,2,2,0,0,Midtown,390023
4607,6,4,18,2,0,0,1,Midtown,629637
3873,4,3,2,1,0,1,0,Downtown,750508
4469,4,4,7,2,1,1,1,Midtown,632270
3046,6,1,7,2,0,0,0,Suburbs,351039
1253,3,4,19,2,0,0,0,Downtown,265359
2582,5,4,46,2,2,0,1,Downtown,467214
3274,1,1,3,3,0,0,0,Downtown,591672
3396,2,2,20,2,1,0,0,Uptown,521565
4685,4,2,2,2,2,0,1,Rural,401009
1275,2,1,44,1,1,0,1,Uptown,172679
2125,1,4,7,3,1,0,1,Uptown,354846
3569,2,1,22,1,1,0,1,Uptown,550727
917,1,2,15,1,1,0,0,Rural,81687
614,6,3,12,1,2,0,1,Uptown,185399
1116,3,4,2,3,0,0,0,Midtown,200233
4474,4,2,47,1,1,1,1,Downtown,770956
3767,1,4,8,1,2,0,0,Downtown,680456
1325,2,1,13,1,1,1,1,Suburbs,167447
2016,4,3,12,2,0,0,1,Midtown,313241
3646,3,1,6,1,2,0,1,Rural,293727
912,6,3,14,3,2,0,1,Downtown,275041
1228,4,4,6,3,0,0,1,Uptown,264134
3848,1,4,37,2,2,1,1,Suburbs,408402
3308,3,1,33,3,0,0,0,Suburbs,301388
1175,2,3,40,3,2,0,0,Downtown,213130
3965,3,3,21,2,2,0,0,Midtown,520241
3004,3,4,23,1,0,1,0,Suburbs,338961
3467,5,1,48,2,0,0,1,Downtown,557702
3286,3,3,36,1,2,1,1,Midtown,458632
1622,3,4,43,1,2,1,1,Downtown,312878
4579,4,2,0,3,0,0,1,Downtown,869595
2071,2,1,9,2,0,1,1,Midtown,286472
2643,4,2,42,3,2,1,0,Midtown,326914
2187,4,1,15,3,2,0,0,Midtown,315784
4632,1,4,45,1,2,0,0,Downtown,732563
4351,4,3,7,3,0,0,0,Suburbs,493562
3940,5,3,48,2,2,0,1,Rural,299159
4266,5,3,24,3,1,0,1,Rural,322755
2826,1,1,49,3,0,0,1,Downtown,407021
3414,6,4,11,1,2,0,1,Downtown,680295
4452,2,2,24,2,0,0,1,Suburbs,454890
1095,2,4,16,3,1,0,0,Midtown,146453
1228,4,2,25,1,0,1,1,Downtown,247526
1865,4,1,45,3,2,1,0,Uptown,293098
4992,6,1,47,2,1,0,0,Midtown,629384
1198,4,2,13,3,1,0,0,Downtown,281478
895,2,2,40,3,2,0,0,Uptown,127687
4671,3,2,35,1,2,1,0,Suburbs,512492
4860,5,4,22,3,2,0,0,Uptown,789171
3002,3,2,42,1,0,0,1,Downtown,482961
2319,3,1,5,2,0,1,1,Rural,208336
1217,2,1,46,3,0,1,0,Downtown,202324
3282,3,3,4,2,2,1,0,Rural,301021
4077,6,2,42,2,2,1,1,Suburbs,476065
643,1,4,24,3,0,0,0,Suburbs,59530
3640,4,4,17,1,1,0,1,Midtown,506925
4991,1,4,12,2,0,0,1,Midtown,660791
3438,5,3,42,2,1,0,0,Rural,277137
4136,4,1,13,3,2,1,0,Rural,322009
3722,3,4,27,3,2,0,0,Suburbs,390614
1667,5,1,17,3,0,0,0,Uptown,289626
3116,4,3,27,3,0,1,0,Rural,273174
1562,6,2,26,3,2,0,1,Rural,151856
2656,6,2,31,3,0,1,0,Uptown,437139
3482,6,2,46,1,2,1,1,Midtown,456487
3794,6,4,8,2,2,0,1,Midtown,564587
1656,3,2,39,1,1,0,0,Rural,108107
1232,1,4,31,1,0,0,0,Midtown,145554
4830,4,3,19,3,2,0,0,Midtown,628144
1453,3,3,27,2,0,0,0,Midtown,172534
3039,6,4,32,1,1,0,1,Suburbs,334577
3824,1,1,3,3,1,1,0,Downtown,722411
3801,5,2,45,3,0,0,1,Rural,238790
2042,5,2,33,2,0,1,0,Rural,173712
1691,5,2,47,1,2,0,0,Suburbs,170347
3493,6,4,2,1,1,0,1,Downtown,728415
3181,5,3,25,1,1,1,1,Downtown,630929
1717,2,2,7,3,1,0,0,Suburbs,209378
2040,4,3,5,2,0,0,0,Uptown,340749
3736,4,2,15,2,2,0,1,Uptown,589385
2886,6,2,23,1,0,1,0,Downtown,545873
4219,2,4,47,3,0,0,0,Uptown,601964
1888,3,1,38,1,0,0,1,Uptown,284002
2356,3,4,29,2,2,0,0,Uptown,378412
1865,5,2,44,3,0,1,1,Downtown,347881
999,1,2,12,1,1,1,1,Uptown,189380
2180,3,1,4,1,1,0,1,Rural,177974
1010,1,3,24,3,1,1,1,Downtown,244081
4812,4,3,19,2,2,0,1,Suburbs,531120
1824,1,2,17,3,0,0,1,Uptown,285400
1655,4,3,46,1,2,0,1,Midtown,228771
2327,2,2,17,1,0,0,0,Downtown,392923
3641,2,1,1,1,1,0,0,Suburbs,407362
3986,6,1,9,1,0,0,1,Rural,333798
2310,6,2,44,2,0,0,1,Suburbs,248471
3423,5,1,49,2,0,1,0,Uptown,525223
2714,3,4,46,1,2,0,1,Midtown,358661
4686,5,4,11,2,0,0,0,Uptown,747730
1213,4,1,46,2,0,1,1,Suburbs,119318
4102,5,2,12,2,0,0,1,Downtown,753387
4634,1,2,49,1,2,0,1,Midtown,534769
4022,4,1,46,3,2,1,0,Midtown,484289
4768,6,3,10,3,2,0,1,Suburbs,566870
1743,2,4,18,3,0,0,0,Uptown,309913
4209,6,3,34,1,1,0,0,Suburbs,453205
1581,3,2,38,2,1,1,0,Midtown,205435
955,4,2,25,2,1,0,1,Suburbs,138682
1394,4,3,45,1,0,1,0,Midtown,182652
1884,1,1,13,1,1,0,0,Uptown,261871
2458,3,3,44,3,1,0,1,Downtown,417315
3572,2,3,43,3,1,1,1,Downtown,658605
2496,4,4,23,1,0,0,1,Suburbs,290498
4785,4,4,40,3,1,0,1,Midtown,587103
1004,1,3,0,2,1,0,0,Downtown,225994
1714,5,3,42,1,0,1,1,Midtown,208941
2031,2,2,21,1,2,0,1,Uptown,295201
3940,6,4,22,2,1,0,0,Suburbs,464214
1323,3,4,18,2,2,0,0,Midtown,203692
1428,4,2,17,2,1,1,0,Suburbs,200614
633,4,1,11,3,0,0,0,Midtown,129828
2605,6,4,27,1,2,0,1,Midtown,378192
4127,2,4,27,3,2,0,1,Uptown,651484
2352,5,1,32,2,2,0,1,Suburbs,270963
4675,4,4,18,3,2,0,1,Rural,396695
3433,2,4,27,2,1,0,0,Midtown,455061
3784,6,1,48,3,1,0,1,Midtown,471073
4798,1,1,36,3,2,1,0,Downtown,821028
3311,5,3,25,2,1,1,1,Suburbs,399899
1750,3,2,34,3,2,0,0,Rural,132817
4012,4,2,33,1,2,1,1,Uptown,623923
1756,2,1,34,3,0,0,0,Rural,133757
3876,1,1,39,3,2,1,0,Uptown,557560
3986,3,4,15,1,1,0,0,Rural,302642
4084,2,3,37,2,2,0,1,Rural,315023
1896,2,3,12,1,0,1,1,Suburbs,251368
4137,3,1,22,3,1,1,0,Downtown,784618
3830,1,4,21,2,0,0,1,Rural,306354
3203,6,4,15,3,0,0,1,Midtown,471265
970,1,2,27,3,2,0,1,Midtown,149470
1853,5,2,47,1,0,0,1,Midtown,216641
3283,4,4,34,1,0,0,0,Downtown,573977
3331,3,2,44,2,1,0,0,Rural,241176
857,6,1,45,2,0,1,1,Uptown,147076
3519,3,4,7,2,2,0,1,Uptown,591801
1167,3,2,43,3,2,0,1,Suburbs,142244
4968,1,3,21,1,2,0,1,Downtown,867246
1645,4,4,20,1,0,0,0,Rural,146213
4685,5,4,25,1,1,0,1,Midtown,624151
4219,2,3,39,2,2,0,0,Downtown,720844
3245,2,1,20,1,0,1,1,Downtown,608919
1039,3,3,24,1,2,1,0,Rural,93088
3279,4,4,40,1,2,0,1,Suburbs,380345
4636,6,1,0,2,1,0,1,Suburbs,548836
4275,1,2,5,1,2,0,0,Suburbs,475335
3008,4,2,22,2,1,1,0,Midtown,419414
3279,4,2,22,1,0,1,1,Midtown,449175
1424,1,4,42,1,2,0,1,Rural,91767
3456,3,3,42,1,0,0,0,Suburbs,350871
2081,4,1,22,2,0,1,1,Rural,155249
3824,2,2,31,2,0,0,1,Suburbs,422751
4985,1,1,29,1,2,0,0,Downtown,828507
755,6,4,12,3,1,1,0,Uptown,241319
2338,5,2,42,2,2,1,1,Uptown,398499
2444,3,4,17,2,0,0,1,Suburbs,285961
509,1,3,22,1,1,0,1,Rural,50000
3371,5,4,14,3,0,0,1,Midtown,461564
1297,5,4,32,1,1,0,0,Suburbs,167784
1515,6,3,20,2,2,0,0,Suburbs,216434
2324,4,1,38,2,1,0,0,Midtown,285256
4969,6,3,22,1,2,1,0,Suburbs,566271
3636,4,3,26,1,0,1,1,Downtown,681446
2693,4,4,44,3,1,0,1,Midtown,338817
723,1,1,43,3,0,0,0,Downtown,61551
4658,1,2,17,2,1,0,0,Uptown,680392
4425,3,3,23,3,2,0,1,Midtown,574000
4500,4,1,46,3,1,0,1,Midtown,562963
2133,5,3,39,2,1,0,1,Rural,149000
2652,2,3,41,2,2,1,1,Rural,206348
1010,3,3,6,2,2,0,1,Midtown,197685
884,1,3,49,2,2,1,1,Uptown,164879
904,6,4,47,1,1,1,0,Suburbs,111571
2500,3,1,19,2,0,0,0,Rural,170161
3256,3,1,26,2,1,0,0,Uptown,489308
2168,3,1,5,2,1,1,1,Uptown,398064
1960,3,3,26,3,0,1,1,Rural,166608
4136,2,4,8,2,2,0,1,Suburbs,481136
3224,6,3,44,1,1,0,0,Rural,252255
4678,6,3,30,1,0,0,0,Uptown,715887
2548,6,1,20,2,2,1,0,Downtown,527789
4646,4,3,25,1,2,0,0,Rural,373164
1216,5,2,39,3,1,0,1,Uptown,208664
2323,6,3,47,2,2,1,1,Rural,197602
2581,3,2,44,1,2,0,1,Uptown,381172
3919,3,3,12,1,0,0,1,Suburbs,413980
2074,6,4,48,2,0,0,1,Uptown,331892
749,6,4,22,1,2,1,1,Midtown,173331
1173,3,1,19,2,0,0,0,Downtown,193214
2665,4,3,36,1,2,0,1,Uptown,420137
1270,1,2,27,3,1,0,1,Rural,91465
4462,1,2,16,1,0,0,1,Rural,303646
4863,6,3,27,1,2,0,0,Uptown,740604
2484,2,2,40,2,2,0,0,Midtown,315424
1577,6,4,1,1,0,0,0,Uptown,309337
735,6,2,24,2,0,1,1,Suburbs,134214
888,1,1,49,3,1,1,0,Midtown,72798
3537,3,4,40,2,2,0,1,Uptown,567241
2348,6,4,5,2,1,0,1,Downtown,523604
3314,3,4,10,1,1,0,0,Midtown,432419
3874,3,3,37,3,1,1,1,Uptown,617332
3778,2,3,5,2,0,0,1,Downtown,730556
1752,3,4,44,1,1,0,0,Uptown,238964
4481,1,3,10,1,0,0,1,Suburbs,468601
2622,4,2,13,2,0,0,0,Rural,243911
2650,4,3,1,1,1,0,0,Uptown,452359
1829,5,3,39,2,1,0,1,Midtown,242430
1858,6,4,2,2,2,0,1,Uptown,358986
2982,1,1,34,2,1,1,1,Uptown,440903
2517,3,1,32,3,2,0,1,Uptown,367308
1831,4,1,23,2,1,0,1,Uptown,291862
4844,1,2,18,1,1,0,1,Midtown,566065
4761,4,3,17,3,1,0,1,Midtown,646347
1858,3,1,48,1,1,0,1,Uptown,221552
3677,4,4,23,3,2,0,0,Rural,265932
2628,6,1,44,3,2,0,1,Uptown,397208
2680,6,1,34,3,1,0,0,Midtown,365310
637,5,3,0,3,1,0,1,Suburbs,134799
3972,5,3,35,1,2,0,0,Uptown,596699
3332,4,3,24,2,0,1,1,Uptown,551784
4079,1,2,44,1,0,0,0,Uptown,535901
3531,6,2,48,2,0,0,0,Uptown,524633
4664,1,1,42,1,2,0,1,Downtown,751957
3093,1,3,33,3,2,0,0,Uptown,448643
4800,4,1,24,3,0,0,1,Midtown,636962
4318,1,4,15,2,0,0,0,Midtown,538487
4638,6,4,33,2,1,1,0,Downtown,865942
4323,3,3,28,1,2,0,0,Uptown,642155
4542,5,3,18,2,2,0,1,Rural,329600
2406,3,4,22,1,0,1,0,Uptown,407557
1260,1,3,18,2,0,1,1,Midtown,215107
3945,3,2,24,2,2,0,0,Suburbs,441625
1399,6,2,15,2,1,0,0,Suburbs,180651
4955,6,3,8,3,0,0,0,Rural,395561
3447,1,4,0,3,2,0,0,Uptown,574805
2219,4,1,41,1,2,0,1,Downtown,385201
780,3,3,18,2,1,0,1,Uptown,172934
3766,4,3,32,1,1,1,1,Rural,300597
2387,4,1,33,2,0,0,0,Rural,165544
3766,2,3,15,3,0,0,0,Rural,289106
1166,1,1,43,3,0,0,0,Suburbs,103738
4688,5,4,39,2,2,1,1,Uptown,790216
1171,6,2,17,2,0,0,0,Uptown,214539
2469,6,4,33,3,2,0,1,Downtown,504285
4656,1,2,24,3,0,0,0,Rural,329182
3622,5,1,44,1,1,0,0,Rural,260597
4400,6,2,5,3,1,0,0,Midtown,617134
1023,1,4,20,2,2,0,0,Midtown,145638
2893,6,2,5,1,1,0,1,Suburbs,327720
3617,4,1,31,2,2,0,0,Uptown,554876
3093,3,2,40,1,2,0,1,Downtown,528580
2468,3,3,47,2,1,0,0,Downtown,393393
2253,6,4,42,3,2,0,1,Rural,182536
2796,2,3,38,2,1,0,0,Downtown,465996
2761,5,1,30,1,0,0,1,Rural,197953
2786,5,2,41,2,0,0,1,Uptown,405098
4702,5,3,9,1,1,1,1,Downtown,892306
3378,4,3,29,2,1,0,0,Rural,247080
4643,5,2,17,3,1,0,1,Uptown,748254
4144,3,2,23,3,1,0,0,Uptown,604218
4932,4,4,8,2,0,1,0,Rural,416785
2555,1,3,30,2,2,1,0,Rural,181275
1776,5,3,14,2,2,0,0,Suburbs,235251
3266,5,1,3,1,0,0,1,Uptown,545378
802,1,4,39,2,2,0,0,Rural,68613
1138,5,1,8,2,0,0,1,Uptown,241045
555,1,3,44,1,2,1,1,Downtown,104579
1025,4,1,8,3,1,0,1,Midtown,178426
4623,3,3,25,2,1,0,1,Midtown,595208
2625,1,3,3,2,1,1,0,Rural,228270
3787,2,1,16,3,0,1,1,Rural,293276
864,1,1,15,3,0,0,0,Uptown,137780
2146,5,2,14,1,2,0,1,Rural,188005
1418,4,2,34,2,2,0,1,Uptown,227583
3297,6,2,4,2,2,1,1,Rural,296508
2031,4,3,4,1,0,1,0,Uptown,382560
3845,6,1,19,3,2,0,0,Rural,295618
2406,1,4,14,1,1,0,0,Suburbs,281557
3586,3,3,17,3,2,1,0,Uptown,586624
2575,2,4,46,1,1,0,0,Suburbs,214301
1213,4,1,1,3,0,0,1,Suburbs,184289
1562,5,3,28,1,1,1,0,Suburbs,159602
2476,6,4,12,3,1,0,1,Suburbs,310473
1796,5,4,3,3,1,0,1,Downtown,466164
625,3,2,41,3,0,1,1,Midtown,110399
4096,6,2,44,3,0,1,0,Downtown,743388
3783,4,2,9,3,0,0,0,Rural,282893
2103,1,3,30,2,0,0,0,Rural,143216
566,5,1,40,3,2,0,0,Midtown,101541
732,3,1,7,2,0,0,1,Midtown,136934
2656,4,2,2,3,1,0,0,Midtown,398757
1669,4,2,47,2,0,1,1,Suburbs,208436
2658,4,2,45,2,2,0,1,Downtown,471145
4706,4,4,8,1,2,0,1,Rural,364171
1993,6,2,29,3,2,0,0,Downtown,407499
4507,4,4,10,1,1,1,0,Downtown,855843
2972,5,1,34,1,0,0,1,Downtown,493933
3160,3,3,36,3,0,0,0,Midtown,395618
3239,6,3,41,1,0,0,0,Midtown,416211
2261,4,3,12,3,1,0,0,Rural,193783
4014,2,3,35,1,1,0,0,Rural,289915
2475,2,4,12,3,2,0,1,Rural,183709
2862,3,4,11,3,2,0,0,Downtown,582372
1376,1,2,36,3,0,0,1,Midtown,168018
4312,1,4,9,2,1,0,0,Suburbs,473752
3948,6,2,8,1,1,0,1,Downtown,742477
1812,6,2,6,2,0,0,1,Uptown,321462
1960,6,3,1,1,0,0,1,Downtown,470978
3209,1,4,22,1,2,0,0,Midtown,388086
2824,2,4,38,1,2,0,0,Uptown,411068
2233,1,2,39,2,2,0,0,Downtown,340313
2105,5,2,38,1,0,0,1,Midtown,228266
3063,4,1,20,2,0,0,1,Midtown,402280
3921,6,1,22,3,2,0,1,Suburbs,459999
4017,2,2,28,1,2,1,0,Downtown,684824
2897,3,1,13,1,1,1,1,Midtown,416764
4235,3,1,25,3,1,0,0,Rural,305720
3370,4,2,4,3,2,0,1,Midtown,465161
1660,2,2,30,1,2,0,0,Suburbs,153797
742,1,4,24,3,1,0,1,Midtown,130108
3090,1,2,30,2,2,0,0,Downtown,488863
1563,5,2,49,2,1,0,0,Downtown,237651
4824,5,3,19,1,1,0,1,Uptown,762929
3095,1,4,43,2,1,1,0,Downtown,530740
1419,3,4,16,2,0,0,1,Uptown,241806
505,6,4,44,1,0,1,1,Rural,80255
967,3,3,1,3,2,1,1,Suburbs,166513
4670,5,2,24,1,1,0,0,Rural,349911
503,4,4,12,2,0,0,0,Uptown,124918
1145,1,4,38,1,2,0,1,Midtown,136344
617,5,1,27,1,2,0,0,Midtown,95610
3428,5,4,41,2,2,0,1,Rural,265338
3051,6,2,5,2,2,0,0,Midtown,439057
4789,1,2,2,1,2,0,0,Uptown,730087
1346,6,1,34,2,1,1,0,Suburbs,187572
3262,1,4,17,2,2,0,0,Downtown,587229
1641,6,4,10,2,1,1,0,Uptown,359483
2310,3,4,19,2,0,0,1,Uptown,382270
1223,4,3,4,2,2,1,1,Downtown,348157
724,4,4,18,2,0,0,0,Downtown,187900
4708,1,2,21,3,1,0,1,Suburbs,480536
2548,2,2,18,1,1,1,1,Suburbs,305856
4915,5,3,46,2,0,0,1,Suburbs,505797
2073,5,3,15,1,2,0,1,Midtown,298844
2328,1,4,23,3,2,0,1,Uptown,390668
2417,6,1,40,2,0,0,0,Downtown,405275
4734,2,3,3,1,0,0,0,Uptown,728758
2526,3,3,14,2,0,1,0,Uptown,384257
4244,6,4,24,2,2,0,1,Suburbs,503279
1401,6,4,43,2,2,0,0,Suburbs,208528
2539,1,3,34,2,2,1,1,Uptown,400301
509,1,1,13,2,0,0,0,Suburbs,51789
760,5,3,48,2,2,0,1,Midtown,104280
2173,1,4,18,2,1,1,0,Downtown,432197
2719,1,4,37,3,0,0,0,Uptown,376774
2560,1,3,35,3,2,0,0,Downtown,443293
4213,5,1,6,2,0,0,0,Midtown,578396
2119,3,3,29,2,1,0,0,Suburbs,241928
820,3,3,18,3,1,0,1,Rural,84620
1842,1,4,48,3,0,0,0,Midtown,179307
2876,5,1,24,3,0,1,0,Rural,227948
3332,3,2,15,2,1,0,1,Downtown,614065
3324,6,1,46,1,0,0,0,Uptown,446877
2494,3,3,39,1,1,1,1,Suburbs,292367
3458,3,3,7,1,1,0,1,Midtown,476996
2538,5,3,17,1,2,1,0,Suburbs,303922
3990,6,1,27,2,0,0,0,Rural,274691
4177,5,4,15,1,0,1,0,Rural,351411
1618,1,3,18,3,2,0,1,Uptown,253941
2104,4,3,41,3,1,0,1,Rural,165046
4527,3,1,16,1,0,0,1,Uptown,670945
735,4,2,44,3,2,0,1,Midtown,117199
2469,5,2,12,2,2,1,0,Uptown,461309
4929,5,4,6,1,0,0,1,Rural,384568
2408,5,4,26,1,2,0,1,Downtown,493463
875,4,3,9,2,1,1,1,Uptown,221858
4030,5,1,33,3,2,0,1,Suburbs,441519
3135,1,3,35,2,1,0,1,Downtown,527971
2070,5,4,24,2,1,0,0,Uptown,385802
3060,2,1,5,3,0,0,0,Suburbs,335404
3891,4,1,23,2,2,0,0,Downtown,667109
3465,2,4,17,3,1,1,0,Uptown,556039
4143,5,2,22,3,1,0,1,Midtown,559230
4350,1,2,5,2,2,0,0,Suburbs,470463
1372,3,1,28,3,1,1,1,Midtown,204864
1752,6,3,24,2,2,0,1,Rural,158064
1814,6,2,16,3,0,0,0,Uptown,280166
3398,5,3,45,1,1,0,1,Uptown,492641
577,1,2,23,3,1,0,1,Suburbs,72569
3121,4,2,10,3,2,0,1,Uptown,504481
4727,2,3,25,2,2,0,0,Rural,334961
1100,2,4,33,3,2,0,0,Uptown,176699
1565,2,2,27,1,2,1,0,Downtown,295050
2636,4,2,2,1,1,0,0,Midtown,375236
2949,6,3,10,3,0,1,1,Rural,265775
2843,1,4,37,3,0,0,1,Rural,210960
2363,4,2,13,1,0,0,1,Midtown,312559
1818,2,2,25,2,0,0,1,Midtown,231833
4097,5,4,47,1,2,1,1,Rural,342550
4262,3,2,20,1,1,0,0,Midtown,533774
2690,4,4,38,3,1,0,1,Suburbs,297204
1492,4,4,29,3,1,1,0,Midtown,219398
3212,1,3,7,1,2,0,1,Downtown,603220
2692,1,1,19,2,1,1,0,Downtown,480486
1748,4,4,47,1,2,0,0,Suburbs,190550
3554,2,3,31,1,1,1,1,Midtown,428651
4533,3,1,21,2,0,1,1,Downtown,812622
2497,1,2,6,1,2,0,1,Uptown,413857
4187,2,1,8,1,1,0,1,Midtown,536380
2651,5,4,44,3,0,0,0,Suburbs,276464
4518,1,4,0,2,0,1,1,Midtown,608964
3610,2,4,28,3,0,0,0,Rural,251237
2470,2,4,7,3,2,0,1,Rural,224623
697,3,4,3,2,2,0,1,Downtown,231969
3126,3,3,34,2,1,0,0,Rural,208675
1702,5,4,2,1,0,0,1,Suburbs,249673
2535,2,3,44,3,1,0,1,Downtown,416060
977,6,2,39,2,1,0,0,Suburbs,109739
1754,2,4,6,3,0,0,1,Suburbs,254316
1422,3,4,26,3,1,0,1,Rural,151012
919,6,1,0,2,2,0,1,Rural,97269
2704,1,2,26,1,1,1,0,Suburbs,267673
3097,1,4,15,3,0,1,0,Rural,233919
1620,4,4,37,2,2,0,1,Rural,161133
3568,3,2,6,1,2,0,0,Rural,275387
1450,4,3,43,3,1,0,1,Midtown,169387
2836,6,4,22,2,1,0,0,Suburbs,355358
2743,3,1,40,3,2,0,1,Uptown,414701
3145,5,4,10,2,1,0,1,Suburbs,419154
2357,2,1,41,2,0,0,0,Downtown,363554
2365,5,1,32,3,1,1,0,Rural,193801
3412,6,4,49,3,1,0,1,Rural,267754
3353,3,4,35,2,2,0,1,Uptown,511437
3728,6,1,36,1,1,0,0,Downtown,662686
4219,2,2,40,3,1,1,1,Midtown,546654
3728,1,2,16,2,1,0,0,Suburbs,367562
2871,1,4,34,2,0,0,0,Midtown,349657
3391,6,3,47,1,1,0,1,Downtown,578121
4256,4,2,4,1,0,0,0,Uptown,700670
4725,3,4,47,1,0,0,1,Downtown,806055
594,3,2,31,3,0,0,0,Uptown,73865
3174,1,3,2,2,0,0,0,Midtown,417464
2455,5,4,46,2,2,0,0,Midtown,328496
1293,2,3,34,2,0,0,1,Downtown,212068
2334,5,4,13,1,1,1,1,Downtown,492716
2616,5,3,47,2,0,0,1,Rural,194378
4606,6,2,30,3,1,1,0,Uptown,729273
3825,1,2,30,1,0,0,0,Rural,249685
3419,1,3,16,1,2,0,1,Suburbs,393629
3097,1,3,23,1,0,0,0,Suburbs,293584
3705,6,3,22,1,0,0,1,Downtown,688022
1314,4,4,17,3,2,1,0,Midtown,239907
845,5,2,49,2,0,1,1,Suburbs,106549
2849,6,4,13,3,1,0,0,Suburbs,370883
862,3,2,49,2,0,0,1,Rural,50000
2943,2,1,14,3,0,0,0,Rural,182444
2765,4,4,14,1,0,0,0,Suburbs,310228
2688,3,2,5,1,2,0,0,Downtown,528968
3505,5,2,26,3,0,0,0,Rural,266997
3781,1,4,14,3,0,1,0,Suburbs,422710
1484,5,4,49,2,1,0,1,Midtown,203473
2139,6,2,35,3,0,1,1,Rural,195378
1327,2,4,7,3,0,1,1,Suburbs,171883
3230,6,3,14,2,0,1,1,Uptown,566839
4031,4,4,2,2,0,0,1,Rural,331103
4951,4,4,46,2,1,0,0,Uptown,718870
3435,2,4,12,3,1,0,0,Rural,244173
4376,3,2,40,2,2,0,0,Rural,334918
626,3,3,33,1,0,0,1,Uptown,99244
3677,4,1,23,1,2,1,0,Downtown,683610
3556,4,1,39,1,2,1,0,Suburbs,404926
1103,1,3,31,3,0,1,1,Downtown,226123
3949,3,3,31,1,1,1,0,Downtown,678833
4646,2,3,29,3,1,0,1,Suburbs,491720
4033,3,2,48,3,0,0,1,Midtown,483083
3867,1,1,12,1,0,0,0,Downtown,651905
3868,6,3,0,2,1,0,0,Downtown,791626
4297,4,2,33,3,0,1,0,Downtown,750356
2292,4,1,14,1,0,0,1,Midtown,325716
3361,1,4,43,3,0,0,0,Rural,244078
3976,2,2,13,2,1,0,1,Uptown,616475
3917,4,1,28,2,2,0,1,Uptown,605017
2145,5,2,33,1,2,0,0,Midtown,264234
1705,4,1,17,3,0,1,0,Downtown,348331
3530,5,1,6,3,1,0,1,Uptown,599776
3372,1,4,28,3,0,0,0,Midtown,407403
3572,1,2,30,3,1,0,1,Suburbs,371197
2354,4,3,24,1,0,0,0,Uptown,376662
4521,3,4,37,2,1,0,1,Suburbs,449108
3208,5,4,13,1,1,1,1,Downtown,665584
4002,2,1,7,3,2,0,1,Uptown,663536
1832,4,3,26,3,0,0,0,Midtown,240187
701,2,2,1,2,2,0,0,Rural,62107
4007,4,3,16,3,2,0,1,Uptown,649171
4712,3,3,36,1,1,0,0,Uptown,655771
1074,3,3,13,1,0,0,0,Uptown,191041
1036,3,3,24,2,1,0,1,Uptown,187678
2125,6,3,29,1,1,1,0,Midtown,314280
2622,3,1,28,1,1,0,0,Midtown,312671
885,1,1,19,1,0,0,0,Rural,60958
3781,1,4,20,1,0,0,1,Midtown,477477
974,6,1,21,3,1,0,1,Midtown,153415
917,5,4,34,1,0,1,0,Downtown,212447
4100,2,4,36,2,1,1,0,Downtown,742723
1454,4,2,15,2,0,0,0,Suburbs,160657
1705,4,3,49,1,0,1,1,Rural,134284
4620,6,1,48,2,2,1,0,Downtown,831980
2490,1,2,42,1,1,1,1,Rural,161354
4072,4,1,16,2,2,0,0,Rural,327951
4880,1,4,15,2,2,0,1,Uptown,751589
4658,5,1,1,1,1,0,0,Rural,384446
3213,2,3,3,1,1,1,1,Uptown,536105
2703,5,4,20,3,0,0,0,Suburbs,317220
3620,6,4,38,1,1,0,0,Suburbs,369412
1466,3,2,33,1,2,0,1,Suburbs,169266
3932,3,3,29,3,2,0,1,Uptown,617939
1188,3,4,5,1,1,0,0,Uptown,242184
4743,5,3,16,1,2,1,1,Suburbs,561709
4201,4,1,38,3,0,0,1,Uptown,610777
841,2,3,24,1,2,1,1,Midtown,125755
2224,3,4,4,1,0,0,0,Midtown,328761
4922,6,2,4,3,2,0,1,Uptown,819791
2292,6,4,19,3,0,0,0,Uptown,406150
2259,3,3,15,2,0,0,0,Downtown,418033
3712,3,3,40,1,1,0,1,Downtown,658597
1489,2,4,36,2,0,0,0,Rural,96293
2762,3,3,39,2,1,0,0,Rural,190072
2982,2,1,8,3,2,1,1,Rural,232679
1451,6,4,4,1,2,0,1,Suburbs,230445
1222,3,2,41,1,2,0,0,Midtown,168016
3889,5,4,1,3,0,0,0,Suburbs,464428
2579,5,1,8,2,2,0,1,Uptown,456382
3217,6,1,42,3,2,0,0,Downtown,583054
2832,2,1,35,1,1,0,1,Uptown,400039
3876,5,1,21,3,1,0,1,Uptown,631933
2000,2,1,21,1,2,0,0,Downtown,369516
785,5,2,21,2,2,0,1,Uptown,169545
3995,5,3,33,1,0,1,1,Rural,292283
2565,2,1,28,2,0,0,0,Downtown,427263
1268,4,1,37,2,2,0,1,Uptown,207231
3557,5,4,45,1,1,1,1,Rural,263516
4789,3,2,32,1,2,0,1,Rural,344837
2661,6,2,17,2,0,0,1,Midtown,363602
3793,4,3,6,3,1,0,0,Rural,313107
1446,2,2,0,1,1,0,0,Suburbs,196452
3835,4,4,32,2,0,0,0,Downtown,685280
4650,1,4,0,2,2,0,0,Downtown,871462
1981,1,3,23,3,2,1,0,Downtown,385126
2401,5,4,3,1,2,1,1,Uptown,509245
3951,5,1,3,2,0,0,1,Uptown,643242
4564,3,1,17,3,1,0,1,Suburbs,490720
554,6,4,26,2,0,0,1,Rural,51197
2323,4,3,42,1,2,0,1,Uptown,348498
3962,1,2,31,3,0,0,0,Rural,284945
3579,5,3,32,2,1,0,1,Rural,256094
1332,6,2,27,3,0,0,0,Uptown,218896
4908,4,4,41,1,2,0,1,Uptown,727941
3306,5,4,40,3,1,1,1,Suburbs,373181
2990,5,1,35,1,0,0,0,Midtown,344431
827,1,2,5,2,0,1,1,Downtown,229305
3810,1,3,15,1,1,1,1,Uptown,578479
3800,5,4,33,2,1,0,0,Uptown,587630
4175,2,3,22,2,2,1,1,Rural,341386
3554,5,1,49,1,1,0,0,Midtown,403718
2643,6,2,41,2,2,0,0,Uptown,404187
1811,5,2,23,3,0,0,1,Midtown,259211
3691,3,4,48,2,2,0,1,Downtown,643602
3038,3,2,12,1,0,0,1,Rural,261496
4483,3,4,17,3,1,0,1,Suburbs,484323
664,2,1,12,3,0,0,0,Downtown,124408
4777,2,2,48,2,1,0,1,Midtown,543251
1322,5,4,36,2,0,0,1,Midtown,188451
1443,3,3,42,1,0,0,1,Downtown,228027
4925,2,4,38,3,0,0,0,Midtown,598996
1274,1,2,41,1,0,0,1,Suburbs,97575
2698,5,1,16,2,2,0,1,Suburbs,309472
3656,6,2,14,3,0,0,1,Midtown,491272
4742,4,2,17,1,2,1,1,Midtown,638275
4195,5,4,22,1,1,0,0,Suburbs,478898
3952,4,3,29,1,1,0,1,Midtown,502073
1414,3,2,33,1,2,0,1,Uptown,213843
1808,4,3,3,1,1,1,0,Rural,161210
4677,3,4,2,3,1,0,1,Uptown,787812
1013,1,3,6,1,0,0,0,Midtown,117145
2420,4,4,17,3,0,0,0,Midtown,333108
4094,5,1,41,1,0,0,1,Rural,305563
1909,3,3,6,2,2,0,0,Midtown,283082
3690,5,3,39,2,2,0,0,Rural,271285
4991,2,1,5,1,1,1,1,Suburbs,565141
2055,3,3,21,2,0,0,0,Rural,143853
1304,4,1,0,3,2,0,0,Rural,107976
1779,3,2,3,1,2,1,0,Uptown,346073
4077,5,4,45,3,0,0,0,Midtown,485812
3401,1,1,48,1,2,1,1,Suburbs,341227
1887,3,3,49,2,0,0,1,Downtown,299067
3261,4,1,42,3,1,1,1,Rural,254907
3179,2,3,28,2,1,0,1,Downtown,557265
2606,6,2,20,2,1,1,0,Midtown,387992
4723,1,1,25,1,0,1,1,Rural,336402
3268,2,2,13,3,2,0,1,Downtown,627242
4453,3,4,8,2,1,0,1,Uptown,698567
3686,5,3,46,1,1,0,1,Downtown,652237
3780,5,3,11,1,1,1,1,Uptown,675294
3073,4,2,41,1,2,0,1,Suburbs,324842
3099,5,4,5,2,2,0,0,Midtown,475917
4533,1,1,19,1,0,0,1,Downtown,789670
736,5,1,23,3,1,0,0,Rural,68277
1804,4,3,26,3,2,0,0,Midtown,257197
3930,6,2,37,2,0,1,0,Downtown,696328
1801,3,2,7,3,1,0,0,Rural,146927
3041,3,1,0,1,2,1,0,Rural,263845
2551,5,4,48,2,2,0,0,Rural,168734
941,2,4,48,1,0,0,1,Rural,70073
2576,3,1,23,2,1,0,1,Downtown,466777
3680,6,1,46,2,1,0,1,Suburbs,395779
3157,5,2,6,1,2,1,0,Uptown,550277
4298,4,4,18,3,1,1,1,Uptown,726199
1304,6,1,21,3,0,0,1,Uptown,248490
574,5,1,34,2,2,0,0,Suburbs,82306
2675,6,3,29,1,2,0,1,Rural,237025
4424,3,1,28,1,0,1,1,Rural,313353
2589,4,1,21,2,2,1,0,Midtown,350633
540,5,4,10,3,1,1,1,Uptown,233682
2581,1,2,19,1,1,0,1,Uptown,390973
2122,4,4,28,3,2,0,0,Rural,152832
841,1,2,40,3,0,0,0,Uptown,65435
4552,6,3,41,2,0,0,0,Rural,335319
2574,2,1,33,2,1,0,0,Rural,171182
1145,4,3,0,3,0,0,1,Rural,115344
4763,6,2,30,1,2,0,1,Downtown,888681
1109,1,4,29,1,2,1,0,Downtown,219275
954,3,4,47,2,1,1,1,Downtown,206886
3453,3,3,17,3,1,0,0,Downtown,637755
2208,2,2,16,1,1,0,0,Suburbs,234392
3972,4,3,37,1,0,0,0,Midtown,459014
3469,4,3,13,2,2,1,1,Midtown,512318
3528,4,1,22,3,2,1,0,Rural,251250
3181,6,3,24,1,2,1,0,Uptown,553924
4129,2,1,14,2,1,1,0,Downtown,749141
4725,4,1,45,1,2,0,1,Midtown,575778
3567,6,4,21,1,0,0,1,Midtown,483656
1886,3,1,2,1,0,0,0,Downtown,343132
4276,1,1,18,2,2,0,0,Suburbs,451525
3366,6,4,43,3,1,1,1,Suburbs,406640
3863,3,3,33,2,2,0,1,Midtown,482872
4624,3,2,34,3,0,0,0,Suburbs,481508
648,1,2,49,1,0,0,1,Downtown,59412
4350,3,2,0,3,0,1,1,Midtown,609758
2558,2,3,20,1,2,0,0,Downtown,449050
1636,1,1,28,1,0,0,1,Suburbs,175054
686,3,2,5,2,1,0,1,Downtown,197388
3354,5,3,36,1,2,0,1,Suburbs,382633
1750,6,1,0,2,2,0,0,Suburbs,238977
1833,3,4,0,3,0,1,0,Downtown,438878
4693,2,2,26,3,0,0,0,Suburbs,475756
4650,4,1,20,1,1,1,0,Rural,345423
3211,3,2,15,2,2,0,1,Downtown,632525
2285,4,2,43,1,0,0,1,Rural,125630
1250,5,2,39,2,1,1,1,Downtown,311548
2262,3,1,25,2,0,0,1,Suburbs,251875
4420,1,3,15,2,2,0,0,Suburbs,469492
4960,4,1,27,3,0,1,1,Midtown,642591
981,5,2,0,2,2,0,1,Midtown,214254
653,1,1,35,3,0,1,0,Rural,50000
2024,1,4,9,2,2,0,1,Suburbs,281601
2620,1,3,42,3,1,0,0,Midtown,321533
2843,1,1,16,3,2,0,1,Suburbs,355538
1740,3,4,22,3,1,1,1,Downtown,367798
560,6,3,6,1,2,0,0,Midtown,146429
1438,3,4,43,2,1,1,1,Rural,101030
2139,3,3,6,1,0,1,1,Midtown,308307
4620,5,1,43,2,2,0,0,Suburbs,471020
4726,5,4,14,2,0,0,0,Uptown,739521
4069,6,2,33,1,1,0,0,Uptown,618484
1752,5,4,45,3,2,0,1,Suburbs,207219
4703,2,3,44,2,2,0,1,Downtown,804903
671,6,1,3,3,0,0,1,Midtown,159803
1958,5,3,13,1,2,1,1,Uptown,411664
4049,6,4,13,3,2,1,1,Downtown,848764
4697,3,4,15,2,0,1,0,Suburbs,508584
2822,3,2,6,2,2,1,1,Downtown,585313
2136,6,1,31,2,0,0,0,Suburbs,231576
3615,2,1,18,1,0,0,0,Midtown,440398
4590,2,4,1,2,0,1,1,Downtown,897149
3504,6,1,9,1,0,0,0,Midtown,470219
829,5,2,49,3,0,1,1,Downtown,180844
4140,4,3,16,2,1,0,1,Suburbs,450316
4394,2,1,36,2,1,0,0,Suburbs,428549
4607,1,4,11,2,0,1,0,Downtown,808994
1841,3,3,5,3,1,1,1,Suburbs,267936
4163,6,3,21,2,1,0,1,Rural,349258
715,1,2,31,1,2,1,0,Rural,50000
838,6,4,40,3,0,0,0,Midtown,129936
4562,3,1,19,3,1,0,1,Rural,347029
3208,3,4,0,3,2,1,1,Rural,320502
3652,2,3,46,3,2,0,0,Uptown,505272
2250,2,4,5,3,0,0,0,Uptown,394772
2921,1,1,18,1,0,0,1,Uptown,440170
1209,6,1,17,3,2,0,1,Uptown,252171
4226,3,2,5,2,0,0,1,Suburbs,476664
4142,1,1,44,3,0,0,1,Midtown,486201
4493,4,1,32,3,2,0,1,Midtown,551667
988,1,4,22,3,2,1,0,Rural,93528
546,5,4,22,3,0,0,1,Midtown,124313
3859,1,3,25,3,1,1,0,Rural,327108
900,5,2,12,1,0,0,1,Midtown,151003
4490,5,4,6,1,1,0,0,Downtown,844090
3657,5,1,14,3,2,0,0,Downtown,713182
4845,4,3,43,1,1,0,1,Midtown,598844
890,1,4,26,2,2,0,1,Suburbs,146468
4353,1,2,25,3,0,0,0,Rural,328314
4930,4,2,32,2,0,0,1,Midtown,605409
1128,3,3,14,2,2,0,0,Rural,103892
4732,2,3,35,3,2,0,0,Uptown,681639
3430,1,3,44,2,2,0,1,Midtown,386024
2021,2,3,26,2,0,0,0,Suburbs,215504
1326,6,3,4,2,0,1,1,Uptown,320348
2000,6,1,1,3,1,0,0,Midtown,325711
3794,4,1,32,3,2,0,1,Downtown,676139
2919,6,4,15,2,1,0,1,Midtown,455731
1434,6,2,22,3,0,1,0,Downtown,307335
3542,3,1,37,3,1,0,0,Downtown,568080
4997,3,1,15,2,1,1,1,Midtown,641845
1966,3,1,13,3,0,0,1,Midtown,271509
4061,6,4,28,1,0,1,0,Downtown,742791
1114,4,3,25,3,2,1,1,Rural,143312
1682,5,4,34,1,1,1,0,Uptown,285123
3723,5,2,14,2,0,0,0,Suburbs,400832
3167,2,2,2,3,0,0,0,Midtown,435866
630,5,2,22,2,1,0,0,Uptown,137031
3483,5,2,28,2,0,0,1,Uptown,549322
4778,3,1,33,2,2,1,1,Rural,364002
4959,3,1,32,2,2,0,1,Uptown,737372
538,6,4,40,2,1,0,1,Midtown,82056
4459,2,3,40,3,2,0,1,Uptown,655478
4087,1,2,22,1,0,0,1,Midtown,476719
1420,2,4,6,3,0,0,1,Midtown,255715
3269,2,1,2,3,0,1,1,Downtown,658184
4611,4,1,31,3,0,0,1,Rural,332083
992,6,3,30,3,1,0,0,Suburbs,134620
1631,4,3,17,1,2,0,1,Downtown,346501
4021,2,3,42,3,2,0,1,Suburbs,450951
810,2,4,6,2,0,0,1,Midtown,154145
1238,2,1,40,3,1,0,1,Downtown,193165
3741,5,1,0,3,0,1,1,Uptown,650104
1045,4,3,13,1,0,1,1,Uptown,206025
2961,2,2,31,1,1,1,0,Suburbs,312391
4846,3,3,5,2,1,0,1,Midtown,626806
2304,6,4,38,3,0,1,0,Suburbs,249793
3712,6,3,9,3,2,1,1,Rural,363962
4310,3,3,6,3,0,1,1,Uptown,713835
1313,6,4,25,2,2,0,0,Downtown,290910
4624,5,3,33,1,2,1,0,Downtown,817874
2532,5,1,29,2,1,1,1,Downtown,491359
4913,1,2,35,3,1,1,0,Uptown,716634
744,1,3,20,1,0,0,0,Midtown,101755
771,1,4,16,1,2,1,1,Uptown,165116
4011,6,2,32,2,2,1,0,Uptown,636777
2271,5,4,9,1,0,0,0,Downtown,445359
1762,5,2,46,1,0,0,1,Uptown,248057
2924,5,2,41,3,0,1,0,Downtown,497037
4861,3,3,11,3,1,0,0,Midtown,618756
1420,5,1,15,1,0,0,1,Rural,134785
3930,3,3,40,1,0,0,1,Downtown,637658
4935,1,4,31,2,2,1,1,Suburbs,551937
4984,1,4,14,2,0,0,1,Rural,390548
3124,6,2,26,1,2,0,1,Midtown,439235
4260,1,2,27,3,2,0,0,Rural,311752
2550,6,1,16,1,1,1,0,Downtown,513783
4000,2,3,45,1,0,0,0,Midtown,456294
1665,2,4,49,3,0,1,0,Suburbs,190909
875,4,2,1,3,2,1,1,Downtown,307539
2533,6,1,35,2,1,0,1,Downtown,440510
645,4,4,49,2,1,0,0,Midtown,63785
4888,4,2,6,2,0,0,1,Midtown,625750
931,2,4,12,2,2,0,0,Rural,105533
1204,6,1,14,3,0,0,0,Suburbs,153418
3132,2,1,24,1,0,1,1,Rural,235053
4994,4,4,22,2,0,1,0,Rural,416987
1463,6,3,21,2,0,0,0,Downtown,324897
2734,4,4,25,3,2,0,0,Midtown,396222
2541,5,2,32,3,1,0,0,Downtown,452533
2328,6,3,10,1,0,0,1,Suburbs,251984
2608,6,2,9,1,0,0,1,Rural,218743
4568,4,4,24,3,0,1,0,Suburbs,491086
1438,5,3,36,2,0,1,0,Midtown,177399
1306,3,2,47,2,1,0,1,Midtown,166150
1963,2,4,42,2,1,1,1,Uptown,298094
3915,4,4,37,1,1,0,0,Suburbs,397856
510,6,3,40,2,1,1,0,Downtown,140393
2368,2,4,44,2,0,0,1,Suburbs,261133
1384,2,1,23,3,2,0,1,Rural,113123
4064,2,2,39,2,1,1,0,Midtown,508453
1889,3,2,45,3,1,0,1,Midtown,222449
3901,1,4,32,2,0,1,0,Suburbs,386095
4821,4,4,16,1,0,0,1,Suburbs,513844
1324,1,1,23,2,0,0,1,Suburbs,134566
2765,1,3,36,2,0,0,1,Rural,195894
1436,1,4,1,3,2,0,0,Rural,147232
3300,2,4,31,3,2,0,0,Downtown,594046
3053,5,4,23,3,1,0,0,Suburbs,368683
4345,2,4,8,2,2,0,1,Downtown,805222
2296,2,2,3,2,1,0,0,Uptown,406632
553,6,4,16,1,1,1,0,Rural,116597
1226,6,2,16,2,2,0,0,Midtown,199311
3236,1,4,49,1,1,1,1,Uptown,454675
3670,2,3,47,3,0,0,0,Midtown,392127
2413,1,1,29,3,1,0,0,Uptown,341035
2096,6,3,39,3,0,0,0,Downtown,390414
2414,5,4,10,1,2,0,1,Downtown,506062
2966,4,4,20,2,2,0,1,Rural,253793
3237,1,4,20,3,1,0,1,Midtown,401622
1349,5,3,17,2,0,0,1,Uptown,271771
2609,4,4,28,2,1,0,1,Suburbs,293003
502,3,3,23,3,2,1,0,Suburbs,103560
4755,1,2,9,1,1,0,1,Rural,362612
4569,1,1,44,2,1,0,0,Midtown,483873
1392,3,1,16,3,0,0,0,Suburbs,172344
2530,3,3,17,2,2,1,1,Rural,212693
3660,1,2,41,2,1,0,0,Rural,251857
2876,3,3,47,2,0,0,0,Midtown,305471
2433,2,2,19,2,1,0,0,Suburbs,255000
1880,4,4,36,2,0,0,1,Suburbs,215908
4181,4,2,44,1,0,0,0,Suburbs,395822
1790,4,2,17,1,1,1,1,Downtown,370052
2140,2,2,16,3,2,0,1,Suburbs,256706
3182,3,1,8,1,2,0,1,Uptown,512095
1487,5,2,13,1,0,0,0,Downtown,307555
1718,3,4,48,1,2,0,1,Downtown,290106
1855,1,4,28,2,0,0,0,Downtown,321262
4765,6,4,30,2,2,0,0,Downtown,863415
4635,4,2,3,3,1,0,0,Rural,379575
2060,3,3,17,3,2,0,1,Uptown,349638
1918,5,3,19,3,0,0,0,Midtown,265495
1454,1,4,46,2,0,1,0,Suburbs,153318
1483,2,1,42,1,2,0,0,Downtown,210628
1474,2,3,43,1,1,0,0,Midtown,140811
4633,5,2,8,2,0,0,1,Rural,395527
4472,1,3,12,3,0,0,1,Midtown,569112
1413,4,4,14,3,0,0,1,Downtown,328455
536,3,1,26,3,0,0,0,Uptown,50452
3887,1,3,14,2,0,1,0,Midtown,521417
2211,2,3,27,3,1,1,1,Downtown,474841
3520,5,4,36,3,2,0,0,Downtown,664592
1295,5,1,18,2,1,1,1,Suburbs,208960
4536,3,1,25,1,1,1,0,Suburbs,477365
3611,5,4,25,2,0,0,1,Uptown,579561
1824,5,2,24,2,1,1,0,Suburbs,238419
817,1,3,25,2,0,0,0,Uptown,105383
2896,4,2,25,2,1,0,1,Rural,226751
2662,3,3,45,1,0,0,1,Rural,170349
3245,1,3,27,3,0,0,0,Suburbs,325482
2091,4,2,48,2,1,0,1,Rural,162565
3611,1,4,17,1,1,0,1,Midtown,435333
4430,6,4,31,3,2,1,0,Midtown,620396
2496,1,3,2,3,2,1,0,Midtown,347859
1812,5,4,1,3,2,1,0,Rural,198150
1785,4,3,32,2,1,1,0,Midtown,255351
4811,3,4,41,2,1,1,1,Uptown,741576
2883,3,3,18,3,0,0,0,Downtown,523635
3739,4,4,16,3,2,0,0,Suburbs,417557
2639,5,1,43,3,0,0,0,Uptown,378583
2204,2,2,32,3,0,1,1,Midtown,322067
862,1,1,11,3,0,0,0,Downtown,162099
3104,5,2,48,3,0,1,0,Suburbs,316137
2216,6,2,2,1,2,0,0,Uptown,403296
4951,4,3,42,3,0,0,1,Suburbs,517455
4786,1,2,48,2,1,1,0,Rural,331562
4238,3,1,25,2,1,0,1,Midtown,521946
2969,2,1,34,2,1,0,0,Uptown,433047
1056,6,4,7,3,2,0,0,Uptown,268423
1325,3,1,35,2,0,0,1,Downtown,217322
3308,4,4,6,1,2,1,0,Downtown,674481
3219,1,2,45,3,0,0,1,Downtown,511889
4008,4,1,45,2,2,0,1,Suburbs,421045
4241,1,2,35,1,2,0,1,Midtown,524654
2074,5,1,15,1,0,1,1,Suburbs,255094
4498,2,1,23,2,2,0,0,Midtown,536343
2629,5,4,0,1,0,0,0,Uptown,453034
2903,5,2,48,2,1,1,1,Suburbs,305922
3829,4,1,24,1,1,0,1,Suburbs,388067
1088,2,3,9,3,1,1,1,Suburbs,193759
2512,1,2,15,3,2,0,0,Rural,209582
2047,1,2,15,3,1,0,0,Midtown,230887
794,6,2,7,3,0,0,1,Midtown,173049
2485,3,4,28,3,1,1,0,Suburbs,288618
3617,6,3,38,2,1,1,0,Rural,280585
2190,6,2,27,3,2,0,0,Suburbs,227307
1636,1,1,5,3,0,0,1,Midtown,227441
2564,4,1,15,3,2,1,0,Uptown,447769
4955,5,4,19,3,2,0,1,Rural,383806
1507,5,1,15,1,0,1,0,Rural,161945
3014,5,2,6,3,2,0,1,Suburbs,388998
4026,2,1,40,3,0,1,1,Uptown,572148
1747,1,2,13,2,1,0,0,Midtown,242485
4402,4,1,42,1,0,0,1,Downtown,718552
1935,2,3,25,2,0,0,0,Midtown,254526
1071,3,4,25,3,0,1,0,Midtown,152376
2882,4,4,13,2,2,0,1,Uptown,502158
1745,6,3,6,2,0,0,0,Rural,147595
2584,4,3,32,3,0,0,0,Midtown,314519
777,4,4,25,1,0,0,0,Rural,50000
2387,5,3,44,1,1,1,0,Uptown,354011
1765,4,2,19,2,0,1,1,Uptown,302155
1540,6,1,2,3,2,0,0,Suburbs,204599
1417,6,4,3,2,0,1,1,Downtown,391385
1385,1,3,25,2,0,1,1,Uptown,207147
3252,4,2,10,2,1,1,0,Uptown,551970
521,5,4,1,3,0,0,0,Rural,99100
3691,4,3,13,3,2,1,1,Uptown,625568
2853,3,4,43,1,0,0,0,Midtown,329585
1186,3,3,29,3,2,0,0,Suburbs,139312
784,5,4,48,2,1,1,0,Suburbs,98445
4247,1,2,11,2,0,0,1,Midtown,494807
1262,1,2,25,1,1,0,1,Uptown,170225
2928,6,1,43,3,0,1,0,Downtown,548125
3007,6,4,32,2,2,1,0,Uptown,519465
528,2,1,12,1,1,0,1,Suburbs,72335
1406,5,4,13,1,0,1,1,Downtown,317196
3604,4,3,23,2,2,0,1,Rural,298085
4499,5,3,33,2,1,0,1,Rural,331553
3494,2,1,43,3,0,1,0,Uptown,475573
3006,6,4,25,1,1,0,1,Uptown,483605
4109,5,1,20,2,0,0,0,Downtown,734371
4053,5,2,27,1,2,0,0,Downtown,722539
1953,6,1,47,3,2,0,1,Uptown,321200
3856,2,1,35,2,1,0,0,Suburbs,398722
1015,6,3,39,3,1,1,1,Rural,97687
538,1,1,1,1,0,1,0,Downtown,142243
3842,4,4,41,3,2,0,1,Suburbs,415813
1386,6,3,8,3,0,1,1,Uptown,297957
3344,2,1,22,1,2,0,0,Midtown,391011
2704,3,2,14,3,1,0,1,Downtown,517609
1598,1,1,12,1,0,1,0,Midtown,211904
2323,3,1,22,2,0,0,1,Suburbs,250572
3701,6,1,16,1,2,0,0,Rural,295072
3655,1,3,47,1,2,0,1,Suburbs,347395
3593,4,4,1,2,2,0,0,Rural,337617
4030,6,2,19,1,1,1,0,Suburbs,468512
4278,4,1,19,2,0,0,0,Downtown,737371
3396,5,4,45,2,2,0,0,Downtown,605262
3953,3,4,2,1,1,0,1,Midtown,528591
4011,1,3,11,3,2,0,1,Suburbs,450748
1488,4,2,39,3,0,0,1,Suburbs,166711
4616,2,3,1,2,2,0,0,Midtown,618684
4526,4,4,35,3,0,1,0,Uptown,679084
4679,2,4,13,3,1,1,0,Suburbs,575819
2182,6,4,15,1,1,0,1,Suburbs,301066
4463,1,3,18,2,2,0,1,Suburbs,513763
1433,4,2,33,2,0,0,0,Uptown,207910
4098,4,1,43,1,0,1,0,Downtown,690065
3733,1,3,45,3,0,1,0,Midtown,442006
2480,4,4,5,2,2,0,1,Uptown,447914
2355,2,3,12,3,0,1,1,Rural,217524
3556,4,4,35,2,0,0,1,Rural,256877
1292,3,1,21,2,0,0,0,Uptown,206721
1291,6,1,17,2,0,0,1,Uptown,236632
2309,5,2,11,2,2,0,1,Downtown,491197
2755,2,4,29,3,2,0,0,Rural,235584
4110,3,2,39,3,0,0,1,Midtown,493704
2107,6,2,6,3,0,0,0,Suburbs,282717
1484,1,1,31,3,1,0,0,Suburbs,134809
4176,2,3,47,1,1,0,1,Downtown,663547
3880,5,3,18,2,0,0,0,Downtown,734165
1019,6,2,5,2,0,0,1,Rural,128083
1090,5,1,19,2,1,0,1,Midtown,173283
1550,1,4,26,1,1,0,0,Midtown,201446
4133,1,3,42,3,0,0,1,Uptown,565506
4944,2,2,36,2,2,0,1,Downtown,848425
1459,4,3,47,3,2,0,0,Suburbs,159298
1192,1,3,6,3,0,0,0,Suburbs,158542
4399,6,4,4,1,0,0,0,Rural,383953
4973,4,1,10,1,1,1,0,Suburbs,575719
3446,3,4,14,3,1,0,0,Midtown,441687
1026,5,1,2,2,2,0,0,Midtown,160191
3724,4,3,4,2,0,0,0,Downtown,704917
2753,5,2,22,1,1,0,1,Rural,225356
3844,4,4,36,1,2,0,0,Suburbs,392895
4465,3,1,8,1,2,0,1,Downtown,801508
2375,1,3,14,1,2,0,1,Uptown,371244
2263,3,1,2,1,1,1,1,Uptown,428697
1020,1,1,28,1,1,0,0,Suburbs,83352
1516,1,1,5,1,0,0,1,Suburbs,150348
616,5,3,16,2,0,0,1,Suburbs,107765
2933,6,2,25,1,2,1,1,Midtown,423419
1083,3,2,20,1,2,1,0,Suburbs,133234
894,4,2,7,2,1,0,0,Uptown,198191
4288,3,1,20,2,1,1,1,Suburbs,494384
3268,5,3,10,3,0,0,0,Rural,264765
4667,1,1,37,1,0,1,0,Uptown,629689
4360,5,2,7,1,0,1,0,Rural,349713
773,2,2,41,1,1,0,1,Uptown,102037
2513,2,3,23,1,2,1,1,Downtown,457715
4933,4,1,34,3,0,0,0,Uptown,719974
1889,5,4,13,2,0,0,1,Uptown,343791
4066,4,4,13,2,1,0,1,Rural,331507
665,4,2,9,1,0,1,0,Rural,76835
2067,2,3,11,1,2,0,1,Uptown,342146
1228,4,1,37,1,1,0,1,Uptown,180567
2543,2,1,43,3,0,1,1,Midtown,300026
4697,1,2,45,3,0,0,0,Downtown,738232
3996,5,2,33,2,1,0,1,Downtown,699421
1278,4,1,40,1,1,0,0,Suburbs,129907
713,2,1,9,1,0,0,0,Uptown,137423
4262,3,2,16,1,2,0,0,Uptown,637828
2076,4,1,16,1,1,0,1,Uptown,340391
2948,6,4,2,3,2,1,1,Uptown,561684
3436,1,2,30,2,0,1,0,Downtown,590068
3617,1,1,0,2,2,0,0,Rural,286587
1091,3,2,11,3,0,0,1,Midtown,166735
3220,2,3,38,1,0,0,0,Rural,219798
1213,4,2,3,2,0,0,1,Rural,136015
1435,2,2,41,2,0,0,0,Downtown,184069
4837,1,3,12,3,2,0,0,Midtown,598062
501,2,4,33,1,0,1,1,Uptown,111471
3348,1,1,41,2,0,0,0,Downtown,510781
4544,2,3,20,1,2,0,0,Downtown,794539
2449,3,2,21,2,1,1,0,Midtown,349524
1417,5,1,3,3,2,0,1,Suburbs,223525
3674,3,3,17,1,2,0,1,Downtown,706658
2741,3,1,4,3,2,0,0,Rural,242576
589,5,1,18,2,0,0,0,Rural,67693
2209,5,3,1,3,0,1,1,Uptown,439086
2669,4,1,11,3,0,0,0,Downtown,497329
4738,4,4,16,3,1,1,1,Uptown,783023
3541,3,3,9,2,0,1,0,Downtown,680132
605,3,4,33,1,1,1,0,Midtown,84999
1386,1,2,5,3,0,1,1,Downtown,317301
927,1,1,7,1,2,0,0,Suburbs,110029
2395,4,2,10,2,0,0,1,Rural,207195
816,6,2,11,1,1,0,0,Midtown,144754
1134,6,1,8,3,1,0,0,Rural,110156
2425,4,3,1,3,0,1,1,Uptown,464860
2556,1,1,7,3,2,0,0,Midtown,346379
3644,1,2,10,3,0,1,1,Suburbs,405128
2770,6,2,35,3,0,1,0,Rural,244728
1939,2,3,9,3,0,1,1,Downtown,437137
1052,2,1,20,2,2,1,1,Downtown,217401
1215,1,2,19,2,1,0,0,Downtown,204364
4411,2,4,47,2,2,0,1,Midtown,534563
2213,5,2,7,1,1,0,1,Suburbs,285262
3889,4,2,35,1,1,0,0,Suburbs,431638
1607,4,3,28,2,1,0,1,Suburbs,195777
4706,1,4,41,1,2,1,1,Rural,348785
750,3,2,11,1,0,1,0,Midtown,117429
2930,6,2,13,3,0,0,0,Downtown,546159
2554,1,4,47,3,0,0,0,Rural,167782
958,2,1,49,1,0,0,0,Suburbs,89051
707,6,1,20,1,0,0,1,Downtown,170199
1399,3,2,21,2,2,0,0,Midtown,184789
3961,2,2,20,1,2,0,1,Uptown,609565
3885,5,1,43,3,2,0,0,Suburbs,375111
521,2,3,49,1,2,0,0,Suburbs,50000
909,5,4,29,2,2,0,1,Suburbs,151408
1394,6,4,38,3,2,0,1,Suburbs,173874
1014,5,3,19,3,2,0,1,Downtown,286785
4609,6,3,23,3,0,0,0,Midtown,609475
2634,6,3,22,3,1,0,0,Rural,243316
4095,6,3,6,1,2,1,0,Downtown,801715
3456,6,3,8,2,1,0,1,Midtown,493009
2060,6,3,0,1,2,0,0,Rural,213151
1766,2,4,25,1,2,1,1,Suburbs,201439
2669,6,3,37,3,0,0,1,Midtown,369986
4138,2,1,37,2,1,1,0,Suburbs,422353
1249,6,3,43,3,0,0,1,Midtown,190474
3927,5,3,21,1,0,0,1,Uptown,618550
2427,6,4,43,1,1,0,1,Suburbs,293791
4304,3,4,9,3,0,0,0,Suburbs,461704
4202,6,3,5,1,2,0,0,Suburbs,499415
2856,6,4,16,1,2,0,0,Downtown,550934
2835,5,2,49,3,2,0,0,Rural,214913
806,4,4,37,1,2,0,1,Suburbs,112204
4165,5,4,23,2,2,0,1,Suburbs,474528
2489,3,4,9,3,0,0,0,Downtown,475695
1161,4,4,7,2,0,0,1,Downtown,281867
811,1,1,20,1,2,0,1,Uptown,133848
3420,1,1,5,1,2,0,0,Midtown,440162
1582,3,1,20,3,0,1,0,Suburbs,220098
3471,5,3,38,1,1,0,1,Midtown,452621
1254,2,3,23,3,0,0,1,Downtown,236168
4630,3,2,32,3,0,0,1,Downtown,804730
852,4,1,17,3,0,0,0,Uptown,168907
1402,4,3,27,3,0,1,0,Rural,117804
4388,6,4,31,3,0,0,0,Downtown,804416
658,1,4,11,2,1,0,1,Suburbs,80939
2477,4,1,47,3,2,0,1,Uptown,354102
1456,3,2,41,2,2,1,0,Rural,94568
2571,4,2,26,1,1,0,1,Uptown,399458
903,3,4,9,3,2,1,1,Downtown,275499
3279,2,2,45,1,2,1,1,Rural,235833
1887,6,1,41,3,2,0,1,Midtown,270172
3953,1,4,31,2,1,1,0,Rural,299474
1455,4,3,41,2,1,0,1,Suburbs,173589
2212,3,3,25,2,2,1,0,Midtown,338335
1773,5,2,24,1,2,0,0,Midtown,279179
4311,1,4,10,3,2,0,1,Suburbs,485224
3125,2,4,22,1,0,0,1,Midtown,405021
2882,3,3,33,2,0,1,1,Downtown,527354
1941,6,4,39,1,0,0,1,Rural,172064
3479,6,4,22,2,1,0,1,Rural,302383
2297,2,4,28,2,2,0,1,Suburbs,251585
4890,2,2,30,2,1,0,0,Downtown,813819
4509,6,4,6,3,1,0,1,Midtown,656870
1894,4,1,39,3,1,0,0,Rural,129030
4781,4,2,32,2,2,0,0,Rural,354555
1769,3,4,20,1,0,0,0,Rural,151293
4214,5,4,1,1,2,0,1,Rural,355824
1029,3,1,17,3,2,0,1,Uptown,223385
4123,5,2,46,2,1,0,1,Suburbs,444542
3458,2,3,32,1,1,1,1,Midtown,429697
3414,1,3,36,2,1,0,0,Midtown,389897
4091,3,2,33,1,0,1,1,Suburbs,444370
2647,3,4,19,3,0,1,1,Downtown,534215
3869,5,4,34,2,0,0,1,Suburbs,393579
1439,2,3,49,2,2,0,1,Rural,85744
1025,2,3,17,1,1,1,1,Rural,107611
501,5,3,45,1,2,0,1,Suburbs,81035
874,2,1,23,1,0,0,1,Suburbs,104845
2840,6,3,7,2,1,0,0,Midtown,442742
4505,4,1,29,3,0,0,1,Midtown,549728
3552,6,2,43,3,1,1,0,Uptown,546833
2865,1,4,9,1,1,0,0,Uptown,448780
2025,3,3,22,3,2,0,1,Rural,149460
4976,1,4,48,1,2,0,0,Uptown,691297
2146,3,4,10,3,0,0,1,Uptown,375691
513,4,3,1,2,2,0,0,Downtown,199559
2778,2,3,25,1,2,0,0,Suburbs,310953
3655,6,2,35,3,2,1,0,Midtown,500459
629,5,1,32,2,1,0,0,Uptown,108619
4314,6,1,46,3,2,1,1,Midtown,567140
3716,4,4,12,2,0,0,0,Uptown,580811
3438,1,3,39,2,1,0,0,Uptown,475231
4428,5,2,24,3,1,0,0,Rural,341867
2540,2,2,3,3,2,0,0,Downtown,499093
527,4,2,41,2,1,0,1,Suburbs,59263
2613,5,2,18,2,0,0,0,Suburbs,286956
1752,4,2,17,2,0,1,1,Rural,145859
4856,4,1,36,1,1,1,1,Rural,362155
2546,2,1,29,2,2,0,1,Suburbs,279232
4523,3,1,18,1,2,0,1,Suburbs,462484
4896,5,3,22,2,1,0,0,Downtown,873868
3874,2,4,15,1,0,0,0,Uptown,615892
3966,4,2,0,2,1,0,1,Downtown,762793
3581,2,3,11,2,2,0,1,Suburbs,411307
4278,3,2,23,2,2,1,1,Uptown,710212
1129,6,1,33,3,1,1,1,Suburbs,167974
769,5,3,7,3,0,0,0,Downtown,221826
3139,3,1,17,2,1,0,0,Downtown,543799
2493,1,2,47,1,0,0,1,Downtown,373816
3391,5,2,4,1,0,1,1,Uptown,585282
3932,3,4,25,2,1,0,0,Midtown,513213
1780,4,2,29,3,1,0,1,Midtown,265259
2860,5,1,12,1,0,1,0,Suburbs,337224
1075,5,2,18,3,0,0,0,Uptown,208531
1807,2,4,28,1,0,0,1,Rural,109555
3692,4,4,2,2,0,0,1,Midtown,482505
3678,1,1,25,3,2,0,1,Uptown,564629
3234,6,3,39,1,1,0,0,Uptown,451672
2712,3,2,11,2,0,0,0,Midtown,359850
2852,2,4,1,2,1,0,1,Uptown,486683
4068,3,2,10,2,0,0,0,Uptown,641462
2155,1,2,43,3,1,1,1,Midtown,265572
2079,1,3,27,3,1,0,1,Downtown,400805
2703,5,4,17,2,0,0,1,Suburbs,322372
1890,1,2,12,3,0,0,0,Rural,163475
2242,3,4,36,1,1,1,1,Suburbs,236810
2425,4,1,21,2,1,1,0,Downtown,433769
1119,4,1,11,2,1,0,0,Downtown,241468
1774,5,2,1,3,2,0,0,Uptown,329847
1456,6,4,36,2,0,1,0,Suburbs,188413
2439,3,2,6,1,2,0,1,Downtown,481954
4453,3,4,25,3,2,0,0,Suburbs,496858
2881,1,4,25,3,0,1,0,Downtown,509342
1468,3,3,23,2,0,0,1,Rural,128565
1816,2,3,11,2,2,1,0,Downtown,404147
1543,6,3,15,2,0,1,1,Suburbs,225275
781,1,2,22,3,1,0,0,Uptown,130437
3344,2,3,39,2,1,1,0,Suburbs,337034
1558,5,3,8,1,2,1,1,Midtown,276220
4793,4,1,31,2,2,0,0,Suburbs,481929
3032,5,4,14,2,0,0,1,Rural,291185
4328,4,4,36,3,0,0,0,Rural,340247
1508,5,3,12,2,2,0,0,Rural,171877
1729,3,4,4,3,2,1,0,Downtown,436088
1535,2,1,10,2,1,0,0,Rural,114972
775,4,1,9,1,1,0,0,Suburbs,87057
3240,1,3,12,1,0,0,1,Uptown,487798
2789,2,1,40,3,1,1,0,Rural,210337
1739,1,4,45,3,0,0,0,Suburbs,155599
625,2,2,49,2,0,0,0,Downtown,50000
4565,2,4,14,2,0,0,1,Downtown,832726
4812,5,2,41,1,1,0,1,Uptown,683954
4368,4,3,6,2,2,0,1,Uptown,712656
1708,4,2,39,1,2,0,1,Suburbs,212697
3749,2,1,27,3,1,0,0,Uptown,544792
1418,3,4,31,2,2,0,0,Uptown,250941
4423,3,2,34,3,0,1,1,Downtown,790266
4903,1,4,14,2,2,0,1,Suburbs,523222
2469,1,3,47,1,1,0,0,Uptown,327475
3293,5,3,35,3,2,0,0,Suburbs,364262
1391,2,1,20,3,0,0,1,Rural,88064
4970,1,3,5,2,0,0,1,Downtown,864055
2533,1,2,0,3,1,0,0,Downtown,490093
1864,6,3,3,1,1,0,1,Downtown,462172
628,2,1,10,3,1,0,0,Midtown,88216
1514,5,4,43,3,0,0,0,Suburbs,152398
2299,1,4,25,2,2,1,0,Rural,194594
2018,5,3,36,3,2,0,0,Uptown,310483
4681,4,2,22,2,1,0,0,Rural,389142
1698,5,1,28,2,2,0,1,Suburbs,192510
4373,3,2,20,3,2,0,0,Downtown,776179
2974,3,1,47,1,1,0,1,Midtown,326311
3985,5,3,44,2,1,0,0,Suburbs,428141
4549,3,1,44,3,0,0,0,Suburbs,478581
4219,4,1,48,2,0,0,1,Uptown,580187
802,2,3,26,1,0,0,1,Rural,76742
4452,3,2,38,1,0,1,1,Rural,309355
1486,3,3,39,2,2,0,1,Uptown,249373
2363,5,1,12,1,2,0,0,Midtown,356935
4940,4,3,22,3,0,1,0,Downtown,924505
3572,2,1,15,3,0,0,1,Downtown,636388
3624,5,3,29,2,1,0,1,Midtown,460887
1827,5,4,3,1,2,0,1,Uptown,369299
2908,6,4,39,3,2,0,1,Suburbs,336577
4173,4,3,15,3,0,0,1,Rural,325255
3791,2,2,30,3,2,1,0,Suburbs,416980
4533,4,1,41,2,1,0,1,Rural,327477
1203,2,4,24,2,1,0,1,Suburbs,159673
1074,4,2,43,3,2,1,1,Uptown,211571
3732,5,1,11,3,0,1,0,Uptown,613866
3132,5,4,25,1,2,0,0,Midtown,427823
4328,1,4,36,1,1,0,0,Suburbs,452776
3730,3,3,47,1,0,0,0,Suburbs,352510
988,6,1,32,2,2,0,1,Midtown,158798
1847,4,2,27,3,0,0,0,Midtown,224714
4181,6,2,8,2,0,0,0,Uptown,678861
3673,1,2,11,3,1,1,0,Uptown,586489
2167,3,1,4,1,0,0,1,Suburbs,261097
2137,4,2,27,1,2,0,1,Uptown,331895
4614,2,2,34,1,0,0,0,Uptown,654299
4053,3,2,4,1,0,0,0,Suburbs,444686
1500,5,3,33,3,2,0,0,Midtown,232942
1350,1,3,45,1,1,0,1,Suburbs,114558
1888,3,1,33,3,1,1,0,Downtown,358920
4212,3,1,12,3,2,0,1,Suburbs,479649
1867,5,2,38,2,2,0,0,Downtown,363125
1321,4,3,41,1,1,0,0,Suburbs,133422
954,2,4,44,1,0,0,1,Downtown,136548
2124,5,4,47,2,2,0,0,Downtown,373925
3272,2,2,13,3,0,1,1,Suburbs,362594
4226,4,2,10,1,2,1,0,Uptown,682597
3647,3,3,41,3,1,0,1,Rural,234975
4589,2,3,37,2,0,0,1,Uptown,679547
2690,1,3,3,3,0,1,1,Downtown,574030
1416,1,1,32,1,2,0,0,Suburbs,129468
4486,5,1,6,3,0,0,0,Suburbs,508343
3375,4,2,40,3,2,0,0,Suburbs,357760
1940,5,1,7,1,1,1,1,Suburbs,244059
4900,5,3,36,1,0,0,1,Rural,379593
1235,6,3,9,3,2,1,0,Midtown,267331
4068,5,1,42,3,0,1,0,Downtown,693009
3838,6,4,14,2,2,0,0,Rural,326284
3515,1,2,37,1,2,1,0,Uptown,506418
3389,1,4,14,3,2,1,0,Midtown,484528
1461,5,2,4,1,1,0,0,Midtown,232076
3489,1,4,28,2,0,0,1,Suburbs,363541
4348,4,1,18,3,1,0,1,Rural,366169
1526,6,2,9,3,2,0,1,Uptown,303062
4365,6,2,11,3,2,0,0,Suburbs,510575
3363,5,2,3,1,1,0,1,Suburbs,403430
3001,1,3,30,2,1,0,1,Downtown,506313
2447,2,3,17,1,0,1,0,Midtown,357737
1677,6,4,15,3,2,0,1,Uptown,352736
511,5,1,39,2,1,0,0,Midtown,75896
4899,5,3,35,3,2,0,0,Rural,385647
3864,4,2,24,3,2,0,0,Downtown,696139
3522,3,3,22,1,0,0,0,Suburbs,389770
3871,3,1,11,3,0,0,1,Downtown,719836
3330,6,3,33,2,0,0,0,Suburbs,360353
542,4,2,35,3,1,1,0,Downtown,152030
1443,4,4,36,3,2,1,0,Suburbs,209135
2890,4,2,2,1,1,0,1,Midtown,421726
3045,6,1,8,2,1,1,0,Midtown,431871
2911,3,4,17,1,0,1,1,Midtown,405434
1504,4,3,42,3,2,0,1,Midtown,213610
520,1,3,34,1,2,1,0,Downtown,110741
906,5,3,33,1,0,1,0,Suburbs,109709
1514,5,4,40,1,2,0,1,Midtown,210381
4931,2,2,13,1,0,0,0,Downtown,852585
2338,2,4,3,3,1,0,0,Suburbs,264712
3688,6,4,28,3,1,0,1,Downtown,706673
1214,6,1,40,2,0,1,0,Midtown,180129
4646,5,4,44,1,1,0,0,Rural,344756
4354,1,3,49,1,1,1,0,Downtown,696909
4919,3,2,14,2,0,1,0,Midtown,625057
640,3,2,27,1,1,0,1,Uptown,135464
1463,6,2,41,2,2,0,1,Suburbs,162786
872,1,3,15,3,1,0,1,Midtown,157925
4135,6,3,11,2,0,0,1,Uptown,669520
3041,3,3,4,1,2,0,0,Downtown,604840
4110,6,3,33,2,2,0,0,Downtown,755296
2192,4,3,41,3,1,0,0,Uptown,323027
605,6,4,0,1,2,1,0,Uptown,193822
2181,5,3,38,3,0,0,1,Suburbs,250540
4597,6,3,31,3,2,0,1,Downtown,856919
4516,5,3,25,2,1,0,0,Uptown,701512
3136,1,3,16,3,1,1,0,Rural,260283
2637,3,2,47,1,2,0,0,Rural,160852
3916,2,3,26,3,0,0,0,Uptown,581803
4945,2,4,23,3,0,1,0,Suburbs,549953
4030,3,4,34,2,1,0,1,Downtown,721601
1786,2,4,45,3,1,0,1,Rural,112496
3679,6,1,41,2,0,0,1,Uptown,562090
4154,1,2,38,2,2,1,0,Uptown,613006
2859,1,3,25,1,2,0,0,Midtown,358913
944,3,1,48,1,2,0,1,Uptown,106900
535,2,3,37,1,2,0,1,Suburbs,72301
1975,6,1,22,1,0,1,1,Rural,149941
4457,1,1,21,2,1,0,1,Midtown,531617
2298,1,4,3,3,1,0,1,Rural,220154
2345,4,4,48,1,2,1,1,Rural,199268
1908,4,1,8,1,0,0,0,Suburbs,225338
2208,1,4,3,1,0,1,1,Uptown,407107
3438,3,1,6,3,2,1,0,Suburbs,425373
1800,5,2,22,1,2,1,0,Uptown,340168
1743,5,4,1,3,2,0,1,Midtown,307398
4476,6,4,48,2,1,0,0,Suburbs,457831
3597,1,4,23,2,2,1,0,Suburbs,392217
509,1,2,39,2,1,1,0,Downtown,104570
2925,1,1,30,3,0,0,0,Suburbs,265617
2160,3,3,46,1,0,1,0,Downtown,367442
3131,4,4,30,1,1,0,0,Uptown,485849
1572,1,1,46,1,1,0,0,Uptown,196788
3725,1,2,39,1,1,0,0,Uptown,511943
1816,2,3,47,1,1,1,1,Downtown,306439
4645,3,4,42,3,2,0,0,Uptown,679567
4183,6,2,33,2,0,0,0,Rural,313389
3773,1,2,23,1,2,1,1,Suburbs,431161
645,2,3,48,2,1,0,1,Downtown,105057
3540,5,1,25,3,2,0,1,Uptown,550474
1962,6,4,15,3,2,0,0,Rural,192543
2084,1,4,46,1,0,0,1,Suburbs,206246
982,1,1,12,3,2,0,1,Suburbs,126356
3679,2,1,14,2,0,1,1,Uptown,546576
1749,3,1,26,1,1,0,1,Rural,130780
1130,1,3,3,1,2,1,1,Downtown,266262
1161,5,3,15,2,1,0,1,Uptown,217532
4003,1,4,29,1,0,0,1,Suburbs,427258
3352,5,3,43,1,1,0,0,Suburbs,384394
2966,6,2,29,2,1,0,1,Suburbs,359971
1487,6,4,35,1,0,0,1,Uptown,216369
2046,4,3,2,1,1,0,0,Midtown,301924
1149,4,1,21,2,1,0,1,Midtown,162534
1468,5,2,48,3,1,0,0,Midtown,156096
3137,3,1,21,2,2,0,0,Rural,246336
1600,1,4,49,1,1,0,1,Uptown,204228
940,1,1,49,2,0,1,0,Suburbs,53343
1269,4,3,48,1,2,0,0,Rural,58722
1843,5,3,11,1,2,0,0,Midtown,272526
4858,1,4,20,2,0,1,0,Downtown,861062
4229,1,1,3,1,1,1,0,Rural,327611
4406,3,4,30,3,2,0,0,Rural,352373
2077,2,1,43,1,2,0,0,Uptown,275957
4508,4,2,30,2,2,0,1,Rural,339206
3851,4,3,22,3,1,0,1,Uptown,601085
2849,2,4,19,3,2,1,0,Downtown,536768
4102,1,2,14,1,0,1,1,Suburbs,430934
1741,3,2,22,2,1,0,0,Suburbs,214956
1625,3,4,27,1,0,1,0,Midtown,240470
3101,4,4,15,1,0,0,0,Midtown,414951
1690,3,2,36,2,2,0,1,Downtown,298908
4631,6,1,20,2,2,1,1,Suburbs,557277
4948,2,2,14,1,2,0,0,Midtown,604593
572,1,4,16,3,0,1,0,Rural,51988
2414,6,2,49,1,1,1,0,Uptown,368413
2972,2,1,36,3,2,0,1,Midtown,330892
3546,5,3,12,1,2,0,1,Downtown,676735
1207,4,3,18,2,0,0,0,Suburbs,147620
2304,3,2,29,3,1,0,1,Downtown,414453
4213,5,1,44,2,0,0,0,Uptown,579848
3064,3,3,17,2,2,0,1,Uptown,532346
2975,6,2,13,2,0,1,1,Downtown,632948
4110,1,2,35,2,2,0,0,Midtown,510419
4755,1,1,35,2,1,0,1,Midtown,557614
3323,1,4,19,1,0,0,1,Suburbs,347342
2235,3,2,18,3,2,1,0,Suburbs,301294
2085,5,4,44,1,2,0,0,Rural,161598
566,1,4,43,1,2,0,1,Rural,50000
3561,5,3,6,1,2,1,0,Suburbs,423156
2928,3,4,43,2,0,0,0,Rural,202049
4653,6,1,3,1,2,0,0,Downtown,877273
841,5,3,33,3,0,1,1,Midtown,155641
3274,6,3,1,1,2,0,1,Rural,289074
3317,3,3,4,2,0,1,1,Rural,319518
3161,3,2,9,3,0,0,1,Downtown,577251
1732,4,2,31,3,2,0,0,Uptown,291298
4374,3,4,41,3,2,1,1,Suburbs,477661
2901,3,3,40,3,2,0,1,Downtown,516186
1994,2,3,12,1,2,1,0,Uptown,367243
4711,1,1,38,2,1,1,0,Downtown,756306
1161,4,4,4,3,2,1,0,Midtown,224131
4383,4,1,9,3,2,1,1,Downtown,851239
4119,4,4,9,2,2,0,1,Downtown,821235
2368,2,4,37,1,0,1,1,Midtown,325724
2834,6,2,26,3,2,0,1,Suburbs,359227
3874,3,2,20,1,0,0,0,Uptown,538155
1516,1,1,7,1,0,1,1,Rural,116505
4906,5,4,0,1,0,0,1,Suburbs,552432
707,6,3,27,1,0,0,0,Downtown,160647
3165,3,2,48,3,1,0,1,Rural,197684
2993,2,3,38,3,2,0,0,Midtown,381628
1132,3,1,13,1,0,1,1,Suburbs,124223
2602,3,2,20,1,2,0,1,Uptown,432175
3459,2,2,29,2,0,0,1,Suburbs,369705
3583,4,4,20,2,1,1,1,Suburbs,411100
2431,4,1,48,2,0,0,0,Rural,179561
4219,1,4,8,3,2,0,1,Midtown,560281
3062,1,2,16,2,2,0,0,Midtown,378549
2179,4,1,4,3,1,0,1,Suburbs,270336
736,6,2,30,3,2,0,1,Midtown,137284
4943,5,1,39,3,2,1,1,Rural,380140
2040,3,2,37,3,0,0,0,Rural,140865
4443,5,3,42,2,2,1,1,Uptown,685237
863,3,3,18,1,0,1,1,Midtown,143687
2868,4,4,35,1,1,0,1,Uptown,435017
785,1,3,49,1,2,0,0,Downtown,117070
648,6,2,32,2,0,0,0,Rural,51288
4537,1,2,12,1,2,0,0,Suburbs,471093
2266,5,3,13,2,0,1,1,Rural,232996
1512,1,4,32,2,1,0,1,Downtown,264585
3331,4,3,28,2,0,0,1,Suburbs,350208
3007,6,1,42,1,2,0,0,Midtown,354235
2023,5,1,48,1,0,0,0,Midtown,200457
3285,6,1,35,1,2,0,1,Rural,262937
3056,3,3,43,3,1,0,1,Suburbs,292721
4225,1,3,9,2,0,0,1,Suburbs,478770
2101,6,3,30,3,2,0,1,Uptown,373174
2908,2,1,5,2,2,0,0,Downtown,535887
840,1,4,0,1,2,1,1,Midtown,178374
3317,3,2,6,2,0,0,1,Rural,273969
2996,6,3,26,2,0,0,0,Suburbs,329994
2225,5,4,20,3,0,0,0,Midtown,313123
2189,3,2,27,2,1,0,0,Rural,180904
3767,2,2,15,1,2,1,0,Midtown,501743
4906,6,2,45,2,2,0,1,Rural,350382
761,4,4,22,2,1,0,0,Midtown,120703
1942,1,4,19,2,1,1,0,Uptown,301526
905,5,1,37,3,0,1,0,Downtown,196968
2690,4,4,24,2,0,0,1,Midtown,373629
4937,6,4,27,2,0,0,0,Downtown,873500
743,6,4,4,3,0,1,1,Midtown,234732
4607,3,2,20,3,0,0,0,Suburbs,524332
1060,6,3,17,3,0,1,0,Uptown,243582
4637,5,1,46,3,1,1,0,Uptown,678567
3225,4,3,5,1,1,1,0,Downtown,650207
1093,5,3,28,1,1,0,0,Suburbs,122970
2326,2,4,18,2,2,1,0,Rural,215922
3729,2,1,32,1,2,0,1,Uptown,543071
3787,1,3,0,2,0,1,1,Suburbs,445948
4573,1,3,44,1,1,0,0,Suburbs,469033
633,2,1,2,3,2,0,0,Downtown,164258
3638,6,4,41,3,2,0,1,Suburbs,404466
4419,5,3,20,1,1,0,1,Suburbs,506113
572,2,2,34,1,2,0,0,Rural,50000
4994,1,3,40,2,2,1,1,Downtown,891049
4725,2,2,39,2,1,0,1,Downtown,803907
3478,6,4,2,2,2,1,1,Suburbs,453735
4861,2,3,24,3,1,0,0,Rural,334818
2485,5,1,44,3,2,0,0,Midtown,285416
1292,4,1,37,3,1,0,0,Uptown,184221
4759,6,3,44,3,2,0,1,Downtown,860182
594,1,4,19,2,2,1,1,Rural,93802
1633,5,4,43,3,1,0,0,Rural,127216
737,2,1,44,3,2,0,1,Suburbs,57590
3446,2,3,33,3,1,0,1,Uptown,513912
3030,4,4,20,3,1,1,1,Downtown,618545
2460,1,1,47,1,2,0,1,Midtown,287274
1548,1,2,22,2,0,0,1,Suburbs,182587
3029,3,3,5,2,2,0,0,Downtown,575743
3464,1,2,12,3,0,0,1,Downtown,626563
1463,4,2,48,1,0,0,1,Rural,84728
1036,3,4,22,2,2,1,0,Uptown,207599
4723,3,4,8,2,0,0,0,Midtown,628340
4179,2,4,16,3,1,0,1,Uptown,656386
4687,2,3,1,3,1,0,0,Rural,379761
4224,1,2,18,2,0,0,1,Midtown,527901
1042,3,3,18,2,1,0,0,Midtown,155847
1345,2,4,6,1,2,1,0,Suburbs,201684
4103,4,2,41,2,1,1,0,Midtown,514917
3536,2,3,41,2,0,1,0,Downtown,580291
2994,6,3,19,3,2,1,1,Uptown,554245
4985,6,1,8,2,1,0,1,Uptown,790050
3219,2,3,16,3,2,0,0,Suburbs,345451
2384,3,4,26,2,0,0,0,Midtown,317899
4638,3,3,46,2,1,0,0,Rural,319066
4849,5,2,1,2,2,0,0,Downtown,935592
3701,6,3,35,1,2,0,1,Suburbs,430102
3210,4,1,18,3,1,0,0,Midtown,411048
2453,3,2,16,1,2,1,0,Rural,223241
4350,1,2,4,2,2,1,0,Midtown,574160
1189,6,1,38,1,0,1,0,Suburbs,138952
2450,4,4,17,3,0,0,0,Rural,211106
956,4,2,6,2,0,0,0,Rural,126422
2630,3,4,16,1,0,0,1,Rural,226873
4476,4,2,38,1,0,0,1,Rural,322605
4744,3,2,35,3,0,0,1,Midtown,579329
1679,2,4,39,1,1,0,0,Rural,93241
4785,6,2,44,3,0,0,0,Midtown,598272
4065,5,4,3,2,2,0,1,Rural,362240
1382,2,1,37,2,1,0,1,Rural,99856
899,6,4,24,1,2,0,1,Suburbs,157714
1108,3,1,4,2,0,0,0,Midtown,136582
2138,6,2,29,2,0,0,0,Midtown,266833
2648,3,4,11,1,2,0,1,Uptown,480934
1882,2,2,3,2,2,0,1,Suburbs,236973
1903,1,4,23,1,2,0,1,Midtown,266221
1319,1,1,28,3,1,1,1,Suburbs,143738
3792,6,1,8,3,0,1,1,Suburbs,454101
1319,1,4,3,3,2,0,1,Suburbs,218883
919,3,1,23,1,0,0,1,Downtown,166730
4719,4,2,13,1,2,0,1,Midtown,627633
3802,3,2,4,2,0,0,1,Suburbs,432260
2008,4,3,17,2,1,0,0,Downtown,399140
1267,2,1,41,2,0,0,0,Downtown,174739
2544,5,2,18,2,2,0,1,Rural,188903
2639,4,4,11,2,0,0,0,Rural,226863
3529,1,1,17,1,1,1,1,Midtown,445915
2049,3,2,16,1,1,0,0,Rural,188621
2264,2,1,29,3,0,1,0,Midtown,273590
3145,1,4,23,3,2,0,1,Downtown,572385
4216,2,2,10,3,1,0,0,Downtown,793979
4981,5,3,34,3,1,1,0,Midtown,657571
2793,3,3,22,1,0,1,0,Rural,206744
3208,6,1,16,1,1,0,1,Rural,264822
1400,3,4,0,1,1,0,0,Midtown,209694
3584,5,2,14,2,2,0,1,Uptown,597959
2509,3,4,31,2,2,0,0,Rural,183882
741,6,2,8,3,2,1,1,Suburbs,194504
2885,4,1,14,2,0,1,0,Rural,242233
4768,2,2,27,1,1,0,0,Uptown,693905
1171,6,4,23,3,0,0,0,Downtown,284474
663,1,4,34,3,1,0,0,Downtown,131508
964,5,1,21,2,1,0,1,Downtown,209715
3542,4,4,26,3,1,1,0,Rural,291848
2942,1,2,18,2,2,1,0,Downtown,539373
2855,1,1,44,2,0,0,1,Uptown,404131
4778,5,2,11,3,0,0,0,Uptown,714353
3057,4,4,19,2,1,0,0,Rural,238177
1045,1,1,0,2,0,0,1,Suburbs,134290
4335,1,2,20,2,2,1,1,Rural,340574
1093,4,4,48,2,0,0,0,Downtown,176971
4304,3,4,44,3,1,0,0,Rural,311595
1959,1,3,0,1,2,0,1,Uptown,345659
3993,2,4,9,1,2,1,0,Rural,330415
3101,4,2,46,2,1,0,1,Rural,231394
2944,1,1,31,2,0,1,0,Suburbs,325023
3172,5,3,38,2,1,1,1,Uptown,541095
4700,6,4,21,1,0,1,0,Midtown,634014
516,2,4,17,2,0,0,1,Midtown,88989
3691,6,4,47,3,2,0,0,Uptown,561723
892,6,2,45,3,1,0,1,Midtown,111828
924,1,3,31,3,2,0,0,Downtown,181430
1071,2,2,26,1,1,0,0,Midtown,128848
4131,2,3,27,2,1,0,1,Downtown,729266
1620,3,1,17,2,2,0,1,Uptown,284486
741,6,2,38,2,1,1,1,Midtown,128455
4397,2,2,48,1,1,0,0,Midtown,483323
4595,3,1,28,1,0,0,1,Downtown,769366
2779,4,3,17,1,1,1,0,Downtown,553257
1288,3,4,43,1,1,1,1,Rural,106824
1214,5,1,7,3,2,1,1,Suburbs,177673
3349,1,4,30,1,2,1,0,Midtown,412517
1275,4,4,33,1,1,1,1,Suburbs,167264
4526,4,1,6,1,0,0,1,Suburbs,498595
2747,5,3,35,2,0,0,0,Midtown,352872
578,3,4,17,2,2,0,1,Downtown,176792
4426,1,1,37,2,1,0,0,Rural,298531
1355,3,2,8,3,1,0,1,Uptown,256363
2648,2,2,8,3,0,0,0,Midtown,351781
1531,3,2,45,1,0,0,0,Midtown,163490
3771,4,1,7,2,0,0,0,Uptown,583076
4076,1,2,34,3,2,0,1,Suburbs,406386
4682,3,4,17,2,1,1,1,Rural,377324
3956,1,2,4,3,2,0,1,Suburbs,438814
4006,1,2,13,3,1,1,0,Uptown,632177
907,2,4,27,1,2,0,0,Uptown,175019
3211,2,2,29,1,1,1,1,Rural,226818
3588,4,4,3,3,0,1,1,Uptown,649732
2168,5,2,38,1,0,0,0,Uptown,319227
647,1,4,19,3,0,0,0,Rural,74226
4827,5,2,24,3,2,0,1,Midtown,627703
4397,4,4,27,2,0,1,0,Suburbs,465478
2450,1,1,11,1,1,1,1,Midtown,336195
865,1,4,1,1,2,1,1,Midtown,204295
2174,6,2,42,1,1,0,1,Suburbs,221990
4994,5,2,13,2,2,0,1,Midtown,652125
3046,3,3,21,2,1,1,0,Rural,256619
1062,2,4,30,2,1,0,1,Suburbs,119340
4062,3,1,22,1,2,0,1,Downtown,743807
2989,5,4,47,1,2,0,0,Midtown,380961
